Workbook
Name corr: 'T21.3.1'!#REF!
Name data: #REF!

Sheet T21.3.1
A1: Regionalporträts 2021: Gemeinden - Kennzahlen | AQ1: T21.3.1
C4: Bevölkerung | G4: Altersverteilung in % | J4: Bevölkerungsbewegung (in ‰) | N4: Haushalte | P4: Fläche | W4: Wirtschaft | AE4: Bau- und Wohnungswesen | AG4: Soziale Sicherheit | AH4: Wähleranteile ausgewählter Parteien in % (Nationalratswahlen)
A6: Gemeindecode | B6: Gemeindename | C6: Einwohner | D6: Veränderung in % | E6: Bevölkerungs-dichte pro km² | F6: Ausländer in % | G6: 0-19 Jahre | H6: 20-64 Jahre | I6: 65 Jahre und mehr | J6: Rohe Heiratssziffer | K6: Rohe Scheidungsziffer | L6: Rohe Geburtenziffer | M6: Rohe Sterbeziffer | N6: Anzahl Privathaushalte | O6: Durchschnittliche Haushaltsgrösse in Personen | P6: Gesamtfläche in km² 1) | Q6: Siedlungsfläche in % | R6: Veränderung in ha | S6: Landwirtschafts-fläche in % | T6: Veränderung in ha | U6: Wald und Gehölze in % | V6: Unproduktive Fläche in % | W6: Beschäftigte total | X6: im 1. Sektor | Y6: im 2. Sektor | Z6: im 3. Sektor | AA6: Arbeitsstätten total | AB6: im 1. Sektor | AC6: im 2. Sektor | AD6: im 3. Sektor | AE6: Leerwohnungs-ziffer | AF6: Neu gebaute Wohnungen pro 1000 Einwohner | AG6: Sozialhilfequote | AH6: FDP 2) | AI6: CVP | AJ6: SP | AK6: SVP | AL6: EVP/CSP | AM6: GLP | AN6: BDP | AO6: PdA/Sol. | AP6: GPS | AQ6: Kleine Rechtsparteien
C7: 2019 | D7: 2010-2019 | E7: 2019 | F7: 2019 | G7: 2019 | H7: 2019 | I7: 2019 | J7: 2019 | K7: 2019 | L7: 2019 | M7: 2019 | N7: 2019 | O7: 2019 | P7: 2016 | Q7: 2004/09 | R7: 1979/85-2004/09 | S7: 2004/09 | T7: 1979/85-2004/09 | U7: 2004/09 | V7: 2004/09 | W7: 2018 | X7: 2018 | Y7: 2018 | Z7: 2018 | AA7: 2018 | AB7: 2018 | AC7: 2018 | AD7: 2018 | AE7: 2020 | AF7: 2018 | AG7: 2019 | AH7: 2019 | AI7: 2019 | AJ7: 2019 | AK7: 2019 | AL7: 2019 | AM7: 2019 | AN7: 2019 | AO7: 2019 | AP7: 2019 | AQ7: 2019
B9: Schweiz | C9: 8606033 | D9: 9.4 | E9: 215.2 | F9: 25.3 | G9: 20 | H9: 61.4 | I9: 18.7 | J9: 4.5 | K9: 2 | L9: 10 | M9: 7.9 | N9: 3811306 | O9: 2.21 | P9: 41290.76 | Q9: 7.5 | R9: 58409 | S9: 35.9 | T9: -85056 | U9: 31.3 | V9: 25.3 | W9: 5249958 | X9: 161497 | Y9: 1091626 | Z9: 3996835 | AA9: 687022 | AB9: 53457 | AC9: 95687 | AD9: 537878 | AE9: 1.72 | AF9: 6.3 | AG9: 3.2 | AH9: 15.1 | AI9: 11.4 | AJ9: 16.8 | AK9: 25.6 | AL9: 2.3 | AM9: 7.8 | AN9: 2.4 | AO9: 1 | AP9: 13.2 | AQ9: 2.1
A10: 1 | B10: Aeugst am Albis | C10: 1981 | D10: 8.6074561 | E10: 250.44248 | F10: 14.184755 | G10: 19.787986 | H10: 62.190813 | I10: 18.021201 | J10: 7.0653545 | K10: 2.0186727 | L10: 9.0840273 | M10: 6.5606863 | N10: 848 | O10: 2.3242925 | P10: 7.91 | Q10: 12.658228 | R10: 21 | S10: 51.139241 | T10: -22 | U10: 30.886076 | V10: 5.3164557 | W10: 442 | X10: 39 | Y10: 25 | Z10: 378 | AA10: 141 | AB10: 15 | AC10: 16 | AD10: 110 | AE10: 5.2915767 | AF10: 13.910355 | AG10: 1.01 | AH10: 16.421045 | AI10: 2.4979736 | AJ10: 11.565102 | AK10: 30.380959 | AL10: 3.2274703 | AM10: 14.317294 | AN10: 1.2637241 | AO10: 0.16211038 | AP10: 15.050475 | AQ10: 3.820647
A11: 2 | B11: Affoltern am Albis | C11: 12303 | D11: 10.927779 | E11: 1161.7564 | F11: 28.700317 | G11: 20.165813 | H11: 61.667886 | I11: 18.166301 | J11: 5.5437796 | K11: 1.7935757 | L11: 12.881135 | M11: 9.2124572 | N11: 5412 | O11: 2.2259793 | P11: 10.59 | Q11: 30.674264 | R11: 92 | S11: 40.17094 | T11: -93 | U11: 28.205128 | V11: 0.94966762 | W11: 6920 | X11: 47 | Y11: 1307 | Z11: 5566 | AA11: 995 | AB11: 23 | AC11: 134 | AD11: 838 | AE11: 1.0055479 | AF11: 3.7872551 | AG11: 3.02 | AH11: 13.385437 | AI11: 4.5353414 | AJ11: 14.645255 | AK11: 30.30692 | AL11: 6.6185559 | AM11: 12.666629 | AN11: 2.0014452 | AO11: 0.19871831 | AP11: 12.590564 | AQ11: 1.5555175
A12: 3 | B12: Bonstetten | C12: 5572 | D12: 8.0054274 | E12: 749.93271 | F12: 16.564968 | G12: 23.636037 | H12: 59.834889 | I12: 16.529074 | J12: 4.3165468 | K12: 1.7985612 | L12: 9.8920863 | M12: 4.3165468 | N12: 2327 | O12: 2.3841856 | P12: 7.43 | Q12: 15.456989 | R12: 24 | S12: 55.510753 | T12: -21 | U12: 28.629032 | V12: 0.40322581 | W12: 1014 | X12: 34 | Y12: 111 | Z12: 869 | AA12: 281 | AB12: 14 | AC12: 26 | AD12: 241 | AE12: 1.1717172 | AF12: 0.18142235 | AG12: 1.51 | AH12: 15.354984 | AI12: 3.8679613 | AJ12: 16.742891 | AK12: 26.116313 | AL12: 4.1940184 | AM12: 16.237935 | AN12: 1.2840304 | AO12: 0.17601316 | AP12: 12.368531 | AQ12: 1.3850216
A13: 4 | B13: Hausen am Albis | C13: 3751 | D13: 11.636905 | E13: 275.80882 | F13: 16.022394 | G13: 22.180752 | H13: 59.824047 | I13: 17.995201 | J13: 3.2206119 | K13: 1.610306 | L13: 8.5882984 | M13: 3.7573806 | N13: 1552 | O13: 2.4007732 | P13: 13.6 | Q13: 12.69259 | R13: 33 | S13: 55.90609 | T13: -31 | U13: 28.833456 | V13: 2.567865 | W13: 1021 | X13: 93 | Y13: 136 | Z13: 792 | AA13: 271 | AB13: 36 | AC13: 38 | AD13: 197 | AE13: 0.63001145 | AF13: 3.0021834 | AG13: 1.19 | AH13: 11.135163 | AI13: 3.9345515 | AJ13: 13.711509 | AK13: 33.18478 | AL13: 4.059761 | AM13: 12.416969 | AN13: 1.6107468 | AO13: 0.19311984 | AP13: 16.744127 | AQ13: 1.6107468
A14: 5 | B14: Hedingen | C14: 3778 | D14: 10.791789 | E14: 578.56049 | F14: 16.410799 | G14: 21.625199 | H14: 61.646374 | I14: 16.728428 | J14: 3.7273695 | K14: 2.1299255 | L14: 7.4547391 | M14: 6.3897764 | N14: 1580 | O14: 2.378481 | P14: 6.53 | Q14: 19.817073 | R14: 44 | S14: 46.341463 | T14: -43 | U14: 33.231707 | V14: 0.6097561 | W14: 1478 | X14: 29 | Y14: 679 | Z14: 770 | AA14: 201 | AB14: 11 | AC14: 26 | AD14: 164 | AE14: 0.96269555 | AF14: 3.2485111 | AG14: 1.47 | AH14: 13.990898 | AI14: 3.8736604 | AJ14: 16.738323 | AK14: 26.601791 | AL14: 3.7268514 | AM14: 16.415344 | AN14: 1.8812525 | AO14: 0.18246262 | AP14: 12.348734 | AQ14: 2.170676
A15: 6 | B15: Kappel am Albis | C15: 1221 | D15: 33.006536 | E15: 154.16667 | F15: 17.526618 | G15: 24.979525 | H15: 61.179361 | I15: 13.841114 | J15: 3.3641716 | K15: 0 | L15: 10.092515 | M15: 5.0462574 | N15: 493 | O15: 2.4665314 | P15: 7.92 | Q15: 8.3120205 | R15: 12 | S15: 69.948849 | T15: -12 | U15: 20.588235 | V15: 1.1508951 | W15: 319 | X15: 56 | Y15: 81 | Z15: 182 | AA15: 101 | AB15: 21 | AC15: 24 | AD15: 56 | AE15: 2.1778584 | AF15: 37.333333 | AG15: 0.69 | AH15: 10.86289 | AI15: 5.4966989 | AJ15: 9.0741594 | AK15: 43.635805 | AL15: 4.5140488 | AM15: 10.870567 | AN15: 1.2666974 | AO15: 0.046061723 | AP15: 10.179641 | AQ15: 1.6275142
A16: 7 | B16: Knonau | C16: 2378 | D16: 32.111111 | E16: 367.5425 | F16: 18.292683 | G16: 24.348192 | H16: 60.97561 | I16: 14.676198 | J16: 3.3677121 | K16: 0.84192802 | L16: 12.62892 | M16: 8.4192802 | N16: 927 | O16: 2.5587918 | P16: 6.47 | Q16: 18.027735 | R16: 19 | S16: 62.249615 | T16: -21 | U16: 17.103236 | V16: 2.6194145 | W16: 566 | X16: 55 | Y16: 108 | Z16: 403 | AA16: 133 | AB16: 24 | AC16: 15 | AD16: 94 | AE16: 0.58823529 | AF16: 5.6399132 | AG16: 0.84 | AH16: 9.2047953 | AI16: 5.3428465 | AJ16: 11.432364 | AK16: 32.268636 | AL16: 6.9067076 | AM16: 17.322769 | AN16: 2.6672751 | AO16: 0.095407973 | AP16: 11.349401 | AQ16: 2.2026797
A17: 8 | B17: Maschwanden | C17: 645 | D17: 4.7077922 | E17: 137.52665 | F17: 12.868217 | G17: 22.015504 | H17: 59.534884 | I17: 18.449612 | J17: 3.074558 | K17: 0 | L17: 6.1491161 | M17: 7.6863951 | N17: 274 | O17: 2.3540146 | P17: 4.69 | Q17: 8.974359 | R17: -5 | S17: 59.615385 | T17: 0 | U17: 23.717949 | V17: 7.6923077 | W17: 175 | X17: 49 | Y17: 49 | Z17: 77 | AA17: 67 | AB17: 18 | AC17: 7 | AD17: 42 | AE17: 2.9900332 | AF17: 0 | AG17: X | AH17: 3.3391916 | AI17: 2.5550899 | AJ17: 16.9393 | AK17: 44.518048 | AL17: 3.4067865 | AM17: 12.288766 | AN17: 2.9336217 | AO17: 0.067594971 | AP17: 10.017575 | AQ17: 2.9876977
A18: 9 | B18: Mettmenstetten | C18: 5200 | D18: 22.554796 | E18: 399.07905 | F18: 14.769231 | G18: 23.096154 | H18: 59.211538 | I18: 17.692308 | J18: 5.0514863 | K18: 2.3314552 | L18: 13.794443 | M18: 4.6629104 | N18: 2097 | O18: 2.4492132 | P18: 13.03 | Q18: 15.990819 | R18: 65 | S18: 64.269319 | T18: -70 | U18: 18.592196 | V18: 1.1476664 | W18: 1680 | X18: 148 | Y18: 545 | Z18: 987 | AA18: 319 | AB18: 51 | AC18: 58 | AD18: 210 | AE18: 1.3250883 | AF18: 18.215309 | AG18: 1.61 | AH18: 11.823788 | AI18: 3.5628405 | AJ18: 15.37027 | AK18: 31.229654 | AL18: 4.6572116 | AM18: 14.648869 | AN18: 1.3577399 | AO18: 0.38769201 | AP18: 11.825424 | AQ18: 3.9292667
A19: 10 | B19: Obfelden | C19: 5721 | D19: 22.087068 | E19: 758.75332 | F19: 21.464779 | G19: 23.579794 | H19: 59.639923 | I19: 16.780283 | J19: 4.9469965 | K19: 1.9434629 | L19: 12.190813 | M19: 6.0070671 | N19: 2341 | O19: 2.4246049 | P19: 7.54 | Q19: 24.338624 | R19: 46 | S19: 49.074074 | T19: -44 | U19: 21.428571 | V19: 5.1587302 | W19: 1252 | X19: 51 | Y19: 310 | Z19: 891 | AA19: 307 | AB19: 17 | AC19: 60 | AD19: 230 | AE19: 2.1454112 | AF19: 7.2815534 | AG19: 2.57 | AH19: 11.511818 | AI19: 6.3924942 | AJ19: 14.642409 | AK19: 33.715221 | AL19: 5.3248582 | AM19: 14.560575 | AN19: 1.8421954 | AO19: 0.085639249 | AP19: 8.5487002 | AQ19: 2.1733338
A20: 11 | B20: Ottenbach | C20: 2588 | D20: 7.3858921 | E20: 515.53785 | F20: 13.137558 | G20: 20.170015 | H20: 58.462133 | I20: 21.367852 | J20: 5.0554151 | K20: 3.1110247 | L20: 7.3886836 | M20: 6.6109275 | N20: 1128 | O20: 2.2810284 | P20: 5.02 | Q20: 20.758483 | R20: 20 | S20: 54.690619 | T20: -19 | U20: 20.359281 | V20: 4.1916168 | W20: 683 | X20: 38 | Y20: 237 | Z20: 408 | AA20: 175 | AB20: 14 | AC20: 33 | AD20: 128 | AE20: 1.1363636 | AF20: 7.7851304 | AG20: 1.1 | AH20: 13.145065 | AI20: 3.5642093 | AJ20: 13.650416 | AK20: 32.30975 | AL20: 3.9476813 | AM20: 16.840071 | AN20: 2.9399524 | AO20: 0.23483948 | AP20: 10.707491 | AQ20: 1.8103448
A21: 12 | B21: Rifferswil | C21: 1129 | D21: 25.444444 | E21: 173.4255 | F21: 10.717449 | G21: 27.103632 | H21: 56.244464 | I21: 16.651904 | J21: 2.6642984 | K21: 0.88809947 | L21: 7.1047957 | M21: 5.3285968 | N21: 456 | O21: 2.4583333 | P21: 6.51 | Q21: 10.334347 | R21: 10 | S21: 64.893617 | T21: -10 | U21: 22.644377 | V21: 2.1276596 | W21: 250 | X21: 42 | Y21: 72 | Z21: 136 | AA21: 87 | AB21: 17 | AC21: 16 | AD21: 54 | AE21: 1.1787819 | AF21: 0.90661831 | AG21: 0.62 | AH21: 6.859766 | AI21: 3.6141462 | AJ21: 14.792785 | AK21: 26.818388 | AL21: 7.0731234 | AM21: 12.698002 | AN21: 1.2413526 | AO21: 0.25861512 | AP21: 21.594362 | AQ21: 3.2650158
A22: 13 | B22: Stallikon | C22: 3755 | D22: 18.791522 | E22: 312.39601 | F22: 22.29028 | G22: 21.358189 | H22: 62.370173 | I22: 16.271638 | J22: 4.5729657 | K22: 0.80699395 | L22: 9.6839274 | M22: 6.7249496 | N22: 1554 | O22: 2.4086229 | P22: 12.02 | Q22: 11.064892 | R22: 45 | S22: 38.019967 | T22: -41 | U22: 49.833611 | V22: 1.0815308 | W22: 775 | X22: 38 | Y22: 155 | Z22: 582 | AA22: 189 | AB22: 15 | AC22: 25 | AD22: 149 | AE22: 1.1329756 | AF22: 0.53806833 | AG22: 1.14 | AH22: 14.674386 | AI22: 4.580622 | AJ22: 14.300354 | AK22: 35.617667 | AL22: 1.7574422 | AM22: 15.70682 | AN22: 0.98119588 | AO22: 0.099912896 | AP22: 10.631757 | AQ22: 0.21519701
A23: 14 | B23: Wettswil am Albis | C23: 5240 | D23: 15.980522 | E23: 1389.9204 | F23: 17.118321 | G23: 23.473282 | H23: 56.316794 | I23: 20.209924 | J23: 6.1373226 | K23: 1.9179133 | L23: 8.0552359 | M23: 5.3701573 | N23: 2163 | O23: 2.4012945 | P23: 3.77 | Q23: 41.066667 | R23: 55 | S23: 34.133333 | T23: -53 | U23: 20.533333 | V23: 4.2666667 | W23: 1302 | X23: 15 | Y23: 452 | Z23: 835 | AA23: 293 | AB23: 7 | AC23: 36 | AD23: 250 | AE23: 0.30905077 | AF23: 1.7605634 | AG23: 1.73 | AH23: 22.106586 | AI23: 4.6655497 | AJ23: 12.290566 | AK23: 28.379946 | AL23: 2.0089573 | AM23: 17.107553 | AN23: 1.6754736 | AO23: 0.098272973 | AP23: 9.2714912 | AQ23: 1.2179405
A24: 21 | B24: Adlikon | C24: 698 | D24: 20.970537 | E24: 106.07903 | F24: 10.601719 | G24: 21.203438 | H24: 60.028653 | I24: 18.767908 | J24: 7.1174377 | K24: 2.8469751 | L24: 9.9644128 | M24: 2.8469751 | N24: 274 | O24: 2.4854015 | P24: 6.58 | Q24: 10.876133 | R24: 10 | S24: 63.897281 | T24: -12 | U24: 22.65861 | V24: 2.5679758 | W24: 149 | X24: 49 | Y24: 24 | Z24: 76 | AA24: 65 | AB24: 22 | AC24: 6 | AD24: 37 | AE24: 0.33898305 | AF24: 21.052632 | AG24: X | AH24: 9.3611979 | AI24: 1.3250027 | AJ24: 6.0971669 | AK24: 56.458042 | AL24: 6.7111925 | AM24: 6.4095659 | AN24: 3.9103738 | AO24: 0 | AP24: 6.7650544 | AQ24: 2.8977701
A25: 22 | B25: Benken (ZH) | C25: 845 | D25: 5.8897243 | E25: 149.29329 | F25: 12.781065 | G25: 20.35503 | H25: 63.431953 | I25: 16.213018 | J25: 3.5294118 | K25: 0 | L25: 11.764706 | M25: 4.7058824 | N25: 362 | O25: 2.3176796 | P25: 5.66 | Q25: 8.1128748 | R25: 6 | S25: 57.495591 | T25: -9 | U25: 34.038801 | V25: 0.35273369 | W25: 249 | X25: 83 | Y25: 42 | Z25: 124 | AA25: 69 | AB25: 19 | AC25: 10 | AD25: 40 | AE25: 0.99750623 | AF25: 0 | AG25: 0.94 | AH25: 9.8324691 | AI25: 2.802154 | AJ25: 10.490626 | AK25: 46.649382 | AL25: 1.2066215 | AM25: 9.3338652 | AN25: 4.1882728 | AO25: 0.069804547 | AP25: 12.145991 | AQ25: 2.5727962
A26: 23 | B26: Berg am Irchel | C26: 577 | D26: -3.672788 | E26: 82.310984 | F26: 8.8388215 | G26: 14.211438 | H26: 61.69844 | I26: 24.090121 | J26: 5.2310375 | K26: 1.7436792 | L26: 8.7183958 | M26: 8.7183958 | N26: 257 | O26: 2.2256809 | P26: 7.01 | Q26: 4.9786629 | R26: 7 | S26: 48.079659 | T26: -10 | U26: 45.376956 | V26: 1.5647226 | W26: 137 | X26: 46 | Y26: 22 | Z26: 69 | AA26: 47 | AB26: 16 | AC26: 9 | AD26: 22 | AE26: 2.0408163 | AF26: 1.7730496 | AG26: 1.23 | AH26: 7.3331841 | AI26: 1.0747873 | AJ26: 6.1688312 | AK26: 52.70936 | AL26: 2.2391402 | AM26: 15.147783 | AN26: 3.5042544 | AO26: 0.45902373 | AP26: 8.083296 | AQ26: 2.8549037
A27: 24 | B27: Buch am Irchel | C27: 979 | D27: 12.788018 | E27: 95.886386 | F27: 7.2522983 | G27: 24.616956 | H27: 60.061287 | I27: 15.321757 | J27: 6.1349693 | K27: 1.0224949 | L27: 7.1574642 | M27: 5.1124744 | N27: 387 | O27: 2.5193798 | P27: 10.21 | Q27: 6.8897638 | R27: 9 | S27: 55.11811 | T27: -8 | U27: 37.992126 | V27: 0 | W27: 200 | X27: 72 | Y27: 38 | Z27: 90 | AA27: 74 | AB27: 24 | AC27: 7 | AD27: 43 | AE27: 1.1904762 | AF27: 3.0895984 | AG27: X | AH27: 13.150266 | AI27: 2.4561121 | AJ27: 4.8719601 | AK27: 48.631019 | AL27: 4.2357868 | AM27: 12.200032 | AN27: 3.1647608 | AO27: 0 | AP27: 6.4100499 | AQ27: 4.4612659
A28: 25 | B28: Dachsen | C28: 1916 | D28: -1.1861784 | E28: 709.62963 | F28: 13.308977 | G28: 21.085595 | H28: 58.037578 | I28: 20.876827 | J28: 3.1282586 | K28: 1.0427529 | L28: 7.2992701 | M28: 6.2565172 | N28: 789 | O28: 2.4169835 | P28: 2.7 | Q28: 32.075472 | R28: 17 | S28: 48.301887 | T28: -16 | U28: 12.45283 | V28: 7.1698113 | W28: 455 | X28: 18 | Y28: 159 | Z28: 278 | AA28: 104 | AB28: 6 | AC28: 25 | AD28: 73 | AE28: 2.4361949 | AF28: 1.5495868 | AG28: 0.63 | AH28: 10.465391 | AI28: 5.0413418 | AJ28: 15.095677 | AK28: 30.318923 | AL28: 3.935743 | AM28: 12.804158 | AN28: 2.0458304 | AO28: 0.10394519 | AP28: 17.127333 | AQ28: 1.9749587
A29: 26 | B29: Dorf | C29: 658 | D29: 4.1139241 | E29: 118.34532 | F29: 9.8784195 | G29: 21.580547 | H29: 61.702128 | I29: 16.717325 | J29: 7.5987842 | K29: 1.5197568 | L29: 7.5987842 | M29: 10.638298 | N29: 258 | O29: 2.5387597 | P29: 5.56 | Q29: 12.454874 | R29: 52 | S29: 46.389892 | T29: -53 | U29: 40.974729 | V29: 0.18050542 | W29: 129 | X29: 27 | Y29: 19 | Z29: 83 | AA29: 51 | AB29: 11 | AC29: 7 | AD29: 33 | AE29: 2.0689655 | AF29: 0 | AG29: X | AH29: 9.7357268 | AI29: 2.044378 | AJ29: 9.8479182 | AK29: 48.86562 | AL29: 4.350536 | AM29: 11.119422 | AN29: 0.81027175 | AO29: 0.062328596 | AP29: 3.9391673 | AQ29: 8.4392919
A30: 27 | B30: Feuerthalen | C30: 3614 | D30: 3.5530086 | E30: 1457.2581 | F30: 22.495849 | G30: 20.226895 | H30: 62.091865 | I30: 17.68124 | J30: 5.8035097 | K30: 1.381788 | L30: 12.71245 | M30: 7.1852978 | N30: 1626 | O30: 2.1906519 | P30: 2.48 | Q30: 42.8 | R30: 14 | S30: 11.2 | T30: -16 | U30: 44 | V30: 2 | W30: 1165 | X30: 5 | Y30: 277 | Z30: 883 | AA30: X | AB30: X | AC30: 33 | AD30: 161 | AE30: 2.2676991 | AF30: 4.669047 | AG30: 2.57 | AH30: 9.1272528 | AI30: 5.2455105 | AJ30: 18.651062 | AK30: 31.524648 | AL30: 3.2659509 | AM30: 14.340523 | AN30: 2.3084115 | AO30: 0.087049038 | AP30: 11.890254 | AQ30: 1.8183577
A31: 28 | B31: Flaach | C31: 1420 | D31: 15.729421 | E31: 139.62635 | F31: 15.422535 | G31: 21.197183 | H31: 61.619718 | I31: 17.183099 | J31: 0.7057163 | K31: 2.1171489 | L31: 10.585745 | M31: 8.4685956 | N31: 592 | O31: 2.3783784 | P31: 10.17 | Q31: 8.3333333 | R31: 10 | S31: 50.882353 | T31: -15 | U31: 33.72549 | V31: 7.0588235 | W31: 809 | X31: 153 | Y31: 146 | Z31: 510 | AA31: 138 | AB31: 27 | AC31: 24 | AD31: 87 | AE31: 4.2232278 | AF31: 5.0359712 | AG31: X | AH31: 9.9090109 | AI31: 1.6201937 | AJ31: 8.9286763 | AK31: 48.300558 | AL31: 6.4631641 | AM31: 8.5177576 | AN31: 0.77487526 | AO31: 0.029351335 | AP31: 9.1165248 | AQ31: 5.2069269
A32: 29 | B32: Flurlingen | C32: 1477 | D32: 3.4313725 | E32: 612.86307 | F32: 14.218009 | G32: 20.514557 | H32: 61.746784 | I32: 17.738659 | J32: 6.8610635 | K32: 2.058319 | L32: 12.349914 | M32: 7.5471698 | N32: 633 | O32: 2.314376 | P32: 2.41 | Q32: 22.821577 | R32: 14 | S32: 17.012448 | T32: -16 | U32: 56.431535 | V32: 3.7344398 | W32: X | X32: X | Y32: 128 | Z32: 308 | AA32: X | AB32: X | AC32: 18 | AD32: 83 | AE32: 1.4430014 | AF32: 7.6388889 | AG32: 0.9 | AH32: 15.358514 | AI32: 5.0175224 | AJ32: 16.660177 | AK32: 25.126551 | AL32: 2.0248095 | AM32: 14.529677 | AN32: 2.1249374 | AO32: 0.30594649 | AP32: 15.263948 | AQ32: 0.82883685
A33: 30 | B33: Andelfingen | C33: 2247 | D33: 20.806452 | E33: 333.38279 | F33: 13.351135 | G33: 23.40899 | H33: 57.231865 | I33: 19.359146 | J33: 1.792918 | K33: 2.689377 | L33: 8.9645899 | M33: 5.3787539 | N33: 919 | O33: 2.4156692 | P33: 6.74 | Q33: 15.820896 | R33: 18 | S33: 45.970149 | T33: -15 | U33: 32.985075 | V33: 5.2238806 | W33: 1551 | X33: 56 | Y33: 672 | Z33: 823 | AA33: 195 | AB33: 13 | AC33: 34 | AD33: 148 | AE33: 0.68965517 | AF33: 0 | AG33: 2.12 | AH33: 15.416526 | AI33: 2.7352445 | AJ33: 10.600337 | AK33: 31.217538 | AL33: 5.6762226 | AM33: 14.873524 | AN33: 3.9865093 | AO33: 0.0067453626 | AP33: 11.908938 | AQ33: 2.3642496
A34: 31 | B34: Henggart | C34: 2234 | D34: 0.94893809 | E34: 737.29373 | F34: 9.042077 | G34: 22.515667 | H34: 56.803939 | I34: 20.680394 | J34: 3.5770177 | K34: 1.3413816 | L34: 8.0482897 | M34: 6.7069081 | N34: 903 | O34: 2.4606866 | P34: 3.03 | Q34: 23.026316 | R34: 28 | S34: 56.25 | T34: -32 | U34: 19.736842 | V34: 0.98684211 | W34: 631 | X34: 33 | Y34: 326 | Z34: 272 | AA34: 112 | AB34: 13 | AC34: 15 | AD34: 84 | AE34: 0.91930541 | AF34: 0 | AG34: 2.01 | AH34: 11.906825 | AI34: 3.4143298 | AJ34: 9.1580297 | AK34: 37.297653 | AL34: 7.709106 | AM34: 13.660785 | AN34: 2.381365 | AO34: 0.093590766 | AP34: 10.028077 | AQ34: 3.4905889
A35: 32 | B35: Humlikon | C35: 485 | D35: 6.1269147 | E35: 131.79348 | F35: 8.2474227 | G35: 23.917526 | H35: 55.257732 | I35: 20.824742 | J35: 0 | K35: 0 | L35: 6.1728395 | M35: 16.460905 | N35: 187 | O35: 2.5828877 | P35: 3.68 | Q35: 9.5108696 | R35: 11 | S35: 62.5 | T35: -10 | U35: 27.717391 | V35: 0.27173913 | W35: 149 | X35: 22 | Y35: 15 | Z35: 112 | AA35: 40 | AB35: 8 | AC35: 8 | AD35: 24 | AE35: 2.0618557 | AF35: 0 | AG35: 1.44 | AH35: 15.946029 | AI35: 4.492487 | AJ35: 6.6084023 | AK35: 48.390064 | AL35: 4.0325054 | AM35: 10.027599 | AN35: 0.39865072 | AO35: 0 | AP35: 4.6458142 | AQ35: 4.2624962
A36: 33 | B36: Kleinandelfingen | C36: 2074 | D36: -0.52757794 | E36: 201.55491 | F36: 12.19865 | G36: 21.552555 | H36: 60.173578 | I36: 18.273867 | J36: 5.2593832 | K36: 2.3906287 | L36: 5.2593832 | M36: 6.6937605 | N36: 882 | O36: 2.3344671 | P36: 10.29 | Q36: 13.216715 | R36: 26 | S36: 50.242954 | T36: -26 | U36: 32.750243 | V36: 3.7900875 | W36: 1083 | X36: 57 | Y36: 479 | Z36: 547 | AA36: 189 | AB36: 26 | AC36: 36 | AD36: 127 | AE36: 3.2325339 | AF36: 0.96339114 | AG36: 1.99 | AH36: 12.906769 | AI36: 2.3633257 | AJ36: 10.368532 | AK36: 40.115522 | AL36: 4.1083632 | AM36: 12.744061 | AN36: 3.2256752 | AO36: 0.024406118 | AP36: 10.624797 | AQ36: 2.0216401
A37: 34 | B37: Laufen-Uhwiesen | C37: 1761 | D37: 16.545334 | E37: 280.41401 | F37: 13.798978 | G37: 19.363998 | H37: 59.398069 | I37: 21.237933 | J37: 2.8818444 | K37: 0.57636888 | L37: 5.1873199 | M37: 4.610951 | N37: 781 | O37: 2.2317542 | P37: 6.28 | Q37: 12.400636 | R37: 10 | S37: 39.586645 | T37: -11 | U37: 44.515103 | V37: 3.4976153 | W37: 472 | X37: 76 | Y37: 176 | Z37: 220 | AA37: 105 | AB37: 21 | AC37: 16 | AD37: 68 | AE37: 1.3714286 | AF37: 26.978417 | AG37: 1.93 | AH37: 16.287552 | AI37: 5.0628659 | AJ37: 9.0699683 | AK37: 36.860543 | AL37: 2.0539399 | AM37: 12.424417 | AN37: 2.7689797 | AO37: 0.35512045 | AP37: 10.04415 | AQ37: 3.0521163
A38: 35 | B38: Marthalen | C38: 1918 | D38: -0.67322631 | E38: 135.73956 | F38: 11.366006 | G38: 19.812304 | H38: 60.84463 | I38: 19.343066 | J38: 5.2273915 | K38: 3.1364349 | L38: 8.8865656 | M38: 5.7501307 | N38: 839 | O38: 2.2562574 | P38: 14.13 | Q38: 11.80212 | R38: 34 | S38: 47.279152 | T38: -36 | U38: 39.151943 | V38: 1.7667845 | W38: 1164 | X38: 92 | Y38: 276 | Z38: 796 | AA38: 206 | AB38: 32 | AC38: 49 | AD38: 125 | AE38: 0.87336245 | AF38: 1.0219724 | AG38: 1.05 | AH38: 7.7296772 | AI38: 1.989996 | AJ38: 9.8672136 | AK38: 49.623952 | AL38: 2.2814783 | AM38: 9.8996006 | AN38: 3.9224153 | AO38: 0.25549678 | AP38: 11.198676 | AQ38: 2.3966318
A39: 37 | B39: Ossingen | C39: 1668 | D39: 23.738872 | E39: 127.42552 | F39: 11.7506 | G39: 20.863309 | H39: 61.570743 | I39: 17.565947 | J39: 3.6264733 | K39: 3.022061 | L39: 7.8573587 | M39: 4.2308855 | N39: 710 | O39: 2.3253521 | P39: 13.09 | Q39: 9.3200917 | R39: 18 | S39: 56.455309 | T39: -20 | U39: 29.106188 | V39: 5.118411 | W39: 426 | X39: 69 | Y39: 53 | Z39: 304 | AA39: 106 | AB39: 26 | AC39: 16 | AD39: 64 | AE39: 1.8018018 | AF39: 27.44097 | AG39: 2.13 | AH39: 12.159123 | AI39: 3.1299784 | AJ39: 10.453566 | AK39: 40.563209 | AL39: 5.8616812 | AM39: 11.596851 | AN39: 2.6051916 | AO39: 0.009371193 | AP39: 9.7928966 | AQ39: 1.7102427
A40: 38 | B40: Rheinau | C40: 1316 | D40: 1.0752688 | E40: 147.36842 | F40: 19.680851 | G40: 17.857143 | H40: 61.550152 | I40: 20.592705 | J40: 5.2850132 | K40: 0 | L40: 6.0400151 | M40: 11.325028 | N40: 588 | O40: 2.1904762 | P40: 8.93 | Q40: 11.646137 | R40: 16 | S40: 26.203807 | T40: -18 | U40: 54.871221 | V40: 7.2788354 | W40: 694 | X40: 15 | Y40: 50 | Z40: 629 | AA40: X | AB40: X | AC40: 18 | AD40: 74 | AE40: 2.1961933 | AF40: 6.1585835 | AG40: 1.43 | AH40: 6.0090352 | AI40: 8.2059533 | AJ40: 21.146111 | AK40: 33.009468 | AL40: 1.3862244 | AM40: 10.718485 | AN40: 2.1845411 | AO40: 0.6931122 | AP40: 12.841141 | AQ40: 1.788477
A41: 39 | B41: Thalheim an der Thur | C41: 938 | D41: 14.669927 | E41: 145.65217 | F41: 9.5948827 | G41: 23.240938 | H41: 60.447761 | I41: 16.311301 | J41: 2.1563342 | K41: 3.2345013 | L41: 12.938005 | M41: 5.3908356 | N41: 383 | O41: 2.4255875 | P41: 6.44 | Q41: 8.9922481 | R41: 6 | S41: 65.581395 | T41: -6 | U41: 21.24031 | V41: 4.1860465 | W41: 256 | X41: 52 | Y41: 72 | Z41: 132 | AA41: 70 | AB41: 18 | AC41: 8 | AD41: 44 | AE41: 0.97323601 | AF41: 0 | AG41: 2.07 | AH41: 10.734877 | AI41: 1.7296605 | AJ41: 7.7971996 | AK41: 54.690217 | AL41: 3.6972637 | AM41: 6.35124 | AN41: 2.0774229 | AO41: 0.0091516427 | AP41: 9.2614624 | AQ41: 2.2421525
A42: 40 | B42: Trüllikon | C42: 1061 | D42: 6.8479355 | E42: 110.98326 | F42: 8.1998115 | G42: 19.604147 | H42: 56.550424 | I42: 23.845429 | J42: 5.6417489 | K42: 1.880583 | L42: 6.5820404 | M42: 9.4029149 | N42: 467 | O42: 2.2655246 | P42: 9.56 | Q42: 8.6820084 | R42: 15 | S42: 61.715481 | T42: -18 | U42: 29.288703 | V42: 0.31380753 | W42: 309 | X42: 91 | Y42: 89 | Z42: 129 | AA42: 94 | AB42: 31 | AC42: 17 | AD42: 46 | AE42: 0.96525097 | AF42: 0.94428706 | AG42: X | AH42: 6.0110081 | AI42: 2.0640209 | AJ42: 8.1764195 | AK42: 49.20336 | AL42: 2.3754345 | AM42: 10.059386 | AN42: 6.9887022 | AO42: 0.2679606 | AP42: 10.530127 | AQ42: 3.6066049
A43: 41 | B43: Truttikon | C43: 463 | D43: -2.5263158 | E43: 104.98866 | F43: 4.9676026 | G43: 21.814255 | H43: 59.827214 | I43: 18.358531 | J43: 0 | K43: 2.1276596 | L43: 4.2553191 | M43: 6.3829787 | N43: 182 | O43: 2.510989 | P43: 4.41 | Q43: 6.3636364 | R43: 2 | S43: 64.545455 | T43: -2 | U43: 28.636364 | V43: 0.45454545 | W43: 117 | X43: 53 | Y43: 25 | Z43: 39 | AA43: 36 | AB43: 17 | AC43: 5 | AD43: 14 | AE43: 0.49751244 | AF43: 2.0920502 | AG43: 1.26 | AH43: 9.3949694 | AI43: 1.0061183 | AJ43: 13.446635 | AK43: 42.447315 | AL43: 5.5880354 | AM43: 4.5683209 | AN43: 2.0802175 | AO43: 0.99252209 | AP43: 9.9660095 | AQ43: 8.4976207
A44: 43 | B44: Volken | C44: 380 | D44: 22.580645 | E44: 118.75 | F44: 9.4736842 | G44: 27.631579 | H44: 61.052632 | I44: 11.315789 | J44: 0 | K44: 2.6954178 | L44: 8.0862534 | M44: 5.3908356 | N44: 155 | O44: 2.4258065 | P44: 3.2 | Q44: 6.097561 | R44: 3 | S44: 64.634146 | T44: -3 | U44: 29.268293 | V44: 0 | W44: 103 | X44: 27 | Y44: 13 | Z44: 63 | AA44: 31 | AB44: 11 | AC44: 5 | AD44: 15 | AE44: 0.62111801 | AF44: 26.315789 | AG44: X | AH44: 11.878814 | AI44: 0.80645161 | AJ44: 5.7759372 | AK44: 49.956408 | AL44: 7.5414124 | AM44: 11.159547 | AN44: 0.28334786 | AO44: 0 | AP44: 8.5222319 | AQ44: 2.5937228
A45: 51 | B45: Bachenbülach | C45: 4180 | D45: 7.5933076 | E45: 969.83759 | F45: 24.784689 | G45: 21.100478 | H45: 58.397129 | I45: 20.502392 | J45: 4.5536249 | K45: 2.8759736 | L45: 11.024566 | M45: 7.1899341 | N45: 1781 | O45: 2.3279057 | P45: 4.31 | Q45: 24.009324 | R45: 13 | S45: 34.032634 | T45: -12 | U45: 38.927739 | V45: 3.030303 | W45: 1848 | X45: 6 | Y45: 548 | Z45: 1294 | AA45: X | AB45: X | AC45: 49 | AD45: 219 | AE45: 0.59012876 | AF45: 3.6460865 | AG45: 3.67 | AH45: 20.554777 | AI45: 3.6592883 | AJ45: 13.513589 | AK45: 31.428972 | AL45: 4.7912581 | AM45: 11.910899 | AN45: 1.8828804 | AO45: 0.12608574 | AP45: 9.2322779 | AQ45: 2.2807509
A46: 52 | B46: Bassersdorf | C46: 11824 | D46: 6.7437032 | E46: 1309.4131 | F46: 24.949256 | G46: 20.77977 | H46: 62.762179 | I46: 16.458051 | J46: 4.5085279 | K46: 1.956531 | L46: 10.633321 | M46: 6.9754583 | N46: 4997 | O46: 2.3460076 | P46: 9.03 | Q46: 30.700779 | R46: 52 | S46: 37.59733 | T46: -58 | U46: 30.923248 | V46: 0.77864294 | W46: 4597 | X46: 34 | Y46: 961 | Z46: 3602 | AA46: 647 | AB46: 13 | AC46: 96 | AD46: 538 | AE46: 0.95167009 | AF46: 4.8048048 | AG46: 1.76 | AH46: 13.568386 | AI46: 4.2349683 | AJ46: 17.330924 | AK46: 32.924316 | AL46: 3.4031939 | AM46: 12.29166 | AN46: 2.3780082 | AO46: 0.32975047 | AP46: 8.9592779 | AQ46: 3.314415
A47: 53 | B47: Bülach | C47: 21372 | D47: 22.048998 | E47: 1328.2784 | F47: 28.032004 | G47: 20.70466 | H47: 62.605278 | I47: 16.690062 | J47: 5.6433678 | K47: 2.1521318 | L47: 11.525861 | M47: 6.4563954 | N47: 9385 | O47: 2.2463506 | P47: 16.09 | Q47: 30.012453 | R47: 78 | S47: 30.697385 | T47: -79 | U47: 38.978829 | V47: 0.3113325 | W47: 10973 | X47: 91 | Y47: 2403 | Z47: 8479 | AA47: 1267 | AB47: 24 | AC47: 157 | AD47: 1086 | AE47: 2.4801395 | AF47: 16.391794 | AG47: 2.17 | AH47: 11.380709 | AI47: 3.8737112 | AJ47: 16.208942 | AK47: 30.785149 | AL47: 5.9304801 | AM47: 12.116935 | AN47: 1.4688644 | AO47: 0.16626397 | AP47: 12.929117 | AQ47: 3.5076912
A48: 54 | B48: Dietlikon | C48: 7847 | D48: 11.100099 | E48: 1846.3529 | F48: 25.767809 | G48: 20.109596 | H48: 59.30929 | I48: 20.581114 | J48: 5.2486718 | K48: 0.8961147 | L48: 11.649491 | M48: 7.0409012 | N48: 3458 | O48: 2.2437825 | P48: 4.25 | Q48: 47.169811 | R48: 26 | S48: 21.698113 | T48: -30 | U48: 30.424528 | V48: 0.70754717 | W48: 5808 | X48: 9 | Y48: 1388 | Z48: 4411 | AA48: X | AB48: X | AC48: 90 | AD48: 470 | AE48: 0.19183338 | AF48: 0 | AG48: 2.8 | AH48: 14.860764 | AI48: 4.3628881 | AJ48: 17.891246 | AK48: 28.637837 | AL48: 2.8143367 | AM48: 16.190208 | AN48: 2.7329119 | AO48: 0.1080729 | AP48: 8.5703288 | AQ48: 1.8816528
A49: 55 | B49: Eglisau | C49: 5339 | D49: 26.606592 | E49: 589.2936 | F49: 24.143098 | G49: 22.195168 | H49: 60.648061 | I49: 17.156771 | J49: 5.1155741 | K49: 1.5157257 | L49: 8.7154225 | M49: 6.8207654 | N49: 2211 | O49: 2.3934871 | P49: 9.06 | Q49: 17.362637 | R49: 16 | S49: 34.065934 | T49: -15 | U49: 41.318681 | V49: 7.2527473 | W49: 1536 | X49: 69 | Y49: 380 | Z49: 1087 | AA49: 327 | AB49: 23 | AC49: 41 | AD49: 263 | AE49: 1.623647 | AF49: 4.8188126 | AG49: 2.66 | AH49: 10.600875 | AI49: 3.7687773 | AJ49: 16.402358 | AK49: 30.48108 | AL49: 4.3335235 | AM49: 16.858718 | AN49: 1.4185206 | AO49: 0.20726374 | AP49: 11.184636 | AQ49: 3.1298726
A50: 56 | B50: Embrach | C50: 9421 | D50: 6.3318284 | E50: 741.81102 | F50: 28.043732 | G50: 21.706825 | H50: 61.607048 | I50: 16.686127 | J50: 5.3019458 | K50: 2.6509729 | L50: 10.073697 | M50: 5.8321404 | N50: 3922 | O50: 2.3745538 | P50: 12.7 | Q50: 20.361635 | R50: 41 | S50: 32.704403 | T50: -42 | U50: 45.204403 | V50: 1.7295597 | W50: 3591 | X50: 60 | Y50: 801 | Z50: 2730 | AA50: 491 | AB50: 23 | AC50: 69 | AD50: 399 | AE50: 1.443203 | AF50: 5.7251908 | AG50: 4.51 | AH50: 10.654632 | AI50: 6.0394528 | AJ50: 12.191543 | AK50: 41.078654 | AL50: 3.2620456 | AM50: 11.984053 | AN50: 1.8318438 | AO50: 0.087442384 | AP50: 7.7957109 | AQ50: 3.4576794
A51: 57 | B51: Freienstein-Teufen | C51: 2389 | D51: 4.141238 | E51: 284.40476 | F51: 14.776057 | G51: 19.589787 | H51: 61.239012 | I51: 19.171201 | J51: 2.1008403 | K51: 1.6806723 | L51: 10.92437 | M51: 4.6218487 | N51: 981 | O51: 2.3985729 | P51: 8.4 | Q51: 9.7122302 | R51: 14 | S51: 38.609113 | T51: -14 | U51: 49.40048 | V51: 2.2781775 | W51: 691 | X51: 80 | Y51: 113 | Z51: 498 | AA51: 163 | AB51: 27 | AC51: 22 | AD51: 114 | AE51: 0.75258702 | AF51: 0 | AG51: 1.22 | AH51: 7.9716275 | AI51: 2.2938765 | AJ51: 11.52795 | AK51: 37.687903 | AL51: 9.9498926 | AM51: 12.748097 | AN51: 2.2841153 | AO51: 0.18871608 | AP51: 10.7861 | AQ51: 2.8535173
A52: 58 | B52: Glattfelden | C52: 5217 | D52: 22.436048 | E52: 424.14634 | F52: 24.535173 | G52: 22.100824 | H52: 63.139735 | I52: 14.75944 | J52: 4.6078525 | K52: 1.1519631 | L52: 9.0237112 | M52: 5.7598157 | N52: 2162 | O52: 2.3852914 | P52: 12.3 | Q52: 19.543974 | R52: 37 | S52: 45.521173 | T52: -37 | U52: 31.921824 | V52: 3.0130293 | W52: 1104 | X52: 35 | Y52: 242 | Z52: 827 | AA52: 247 | AB52: 16 | AC52: 59 | AD52: 172 | AE52: 2.0493517 | AF52: 3.4682081 | AG52: 4.29 | AH52: 8.6657985 | AI52: 2.5784302 | AJ52: 14.286729 | AK52: 41.863383 | AL52: 3.8475198 | AM52: 12.475435 | AN52: 2.2280099 | AO52: 0.12548834 | AP52: 10.195336 | AQ52: 2.8317746
A53: 59 | B53: Hochfelden | C53: 1982 | D53: -0.70140281 | E53: 321.23177 | F53: 13.773966 | G53: 22.906155 | H53: 60.141271 | I53: 16.952573 | J53: 3.0667007 | K53: 3.5778175 | L53: 7.6667519 | M53: 3.5778175 | N53: 794 | O53: 2.4823678 | P53: 6.17 | Q53: 9.7087379 | R53: 19 | S53: 42.071197 | T53: -20 | U53: 45.145631 | V53: 3.0744337 | W53: 391 | X53: 25 | Y53: 235 | Z53: 131 | AA53: 79 | AB53: 10 | AC53: 19 | AD53: 50 | AE53: 1.1376564 | AF53: 5.6876939 | AG53: 1.35 | AH53: 8.0614203 | AI53: 2.903071 | AJ53: 12.25048 | AK53: 44.102687 | AL53: 4.9760077 | AM53: 10.383877 | AN53: 2.4088292 | AO53: 0.20633397 | AP53: 7.0537428 | AQ53: 6.3435701
A54: 60 | B54: Höri | C54: 2872 | D54: 16.985743 | E54: 599.58246 | F54: 33.87883 | G54: 19.916435 | H54: 65.076602 | I54: 15.006964 | J54: 6.6468427 | K54: 2.4488368 | L54: 13.643519 | M54: 6.6468427 | N54: 1163 | O54: 2.4436801 | P54: 4.79 | Q54: 18.658281 | R54: 11 | S54: 59.32914 | T54: -11 | U54: 12.578616 | V54: 9.4339623 | W54: 1266 | X54: 33 | Y54: 619 | Z54: 614 | AA54: 212 | AB54: 12 | AC54: 58 | AD54: 142 | AE54: 0.73710074 | AF54: 11.687363 | AG54: 3.2 | AH54: 5.2900046 | AI54: 2.3956901 | AJ54: 10.442458 | AK54: 53.576341 | AL54: 4.9060064 | AM54: 8.2588262 | AN54: 1.2379642 | AO54: 0.20059606 | AP54: 6.9750115 | AQ54: 6.3961486
A55: 61 | B55: Hüntwangen | C55: 1057 | D55: 11.3804 | E55: 215.27495 | F55: 11.636708 | G55: 21.097446 | H55: 59.697256 | I55: 19.205298 | J55: 3.8314176 | K55: 0 | L55: 10.536398 | M55: 7.6628352 | N55: 428 | O55: 2.453271 | P55: 4.91 | Q55: 23.877551 | R55: 28 | S55: 42.244898 | T55: -31 | U55: 32.040816 | V55: 1.8367347 | W55: 351 | X55: 52 | Y55: 114 | Z55: 185 | AA55: 91 | AB55: 13 | AC55: 17 | AD55: 61 | AE55: 1.5384615 | AF55: 0.97370983 | AG55: 1.55 | AH55: 9.7004952 | AI55: 3.5060137 | AJ55: 11.429919 | AK55: 42.787517 | AL55: 3.3645154 | AM55: 13.890417 | AN55: 1.4542882 | AO55: 0.031444069 | AP55: 11.893719 | AQ55: 1.2734848
A56: 62 | B56: Kloten | C56: 20130 | D56: 11.647255 | E56: 1044.629 | F56: 33.437655 | G56: 18.559364 | H56: 65.558867 | I56: 15.881769 | J56: 5.8278279 | K56: 2.9641538 | L56: 9.6460599 | M56: 7.8876636 | N56: 9219 | O56: 2.1505586 | P56: 19.27 | Q56: 43.248836 | R56: 161 | S56: 30.005173 | T56: -164 | U56: 25.55613 | V56: 1.1898603 | W56: 37403 | X56: 52 | Y56: 4301 | Z56: 33050 | AA56: 1500 | AB56: 17 | AC56: 140 | AD56: 1343 | AE56: 0.71533562 | AF56: 10.305029 | AG56: 5.03 | AH56: 11.470535 | AI56: 4.8105671 | AJ56: 16.842294 | AK56: 38.937084 | AL56: 4.2134327 | AM56: 9.6685128 | AN56: 2.0675064 | AO56: 0.19359898 | AP56: 8.8238658 | AQ56: 1.5741149
A57: 63 | B57: Lufingen | C57: 2417 | D57: 37.173666 | E57: 466.60232 | F57: 19.114605 | G57: 23.251965 | H57: 64.542822 | I57: 12.205213 | J57: 4.56621 | K57: 3.32088 | L57: 10.79286 | M57: 4.56621 | N57: 957 | O57: 2.5182863 | P57: 5.18 | Q57: 15.250965 | R57: 22 | S57: 47.490347 | T57: -17 | U57: 36.679537 | V57: 0.57915058 | W57: 407 | X57: 17 | Y57: 109 | Z57: 281 | AA57: 116 | AB57: 8 | AC57: 19 | AD57: 89 | AE57: 1.3013013 | AF57: 2.099958 | AG57: 0.54 | AH57: 11.24528 | AI57: 3.4293493 | AJ57: 8.3077193 | AK57: 44.726442 | AL57: 3.5391236 | AM57: 13.664705 | AN57: 2.6082375 | AO57: 0.0043909722 | AP57: 7.4602617 | AQ57: 3.3766576
A58: 64 | B58: Nürensdorf | C58: 5602 | D58: 8.1467181 | E58: 557.96813 | F58: 16.815423 | G58: 18.939664 | H58: 59.514459 | I58: 21.545876 | J58: 5.8765916 | K58: 2.8492565 | L58: 8.013534 | M58: 6.2327486 | N58: 2469 | O58: 2.2555691 | P58: 10.04 | Q58: 21.902874 | R58: 40 | S58: 46.778989 | T58: -39 | U58: 31.318137 | V58: 0 | W58: 1031 | X58: 42 | Y58: 309 | Z58: 680 | AA58: 301 | AB58: 18 | AC58: 52 | AD58: 231 | AE58: 1.3328256 | AF58: 1.9604349 | AG58: 1.76 | AH58: 16.555852 | AI58: 3.4667961 | AJ58: 9.0091402 | AK58: 44.705978 | AL58: 3.3244358 | AM58: 11.175281 | AN58: 2.3262962 | AO58: 0.077651056 | AP58: 6.1295802 | AQ58: 2.1434927
A59: 65 | B59: Oberembrach | C59: 1121 | D59: 15.210689 | E59: 109.25926 | F59: 14.183764 | G59: 18.911686 | H59: 62.087422 | I59: 19.000892 | J59: 1.8231541 | K59: 0 | L59: 10.938924 | M59: 10.938924 | N59: 484 | O59: 2.1942149 | P59: 10.26 | Q59: 6.8694799 | R59: 8 | S59: 58.488714 | T59: -8 | U59: 34.347399 | V59: 0.29440628 | W59: 226 | X59: 76 | Y59: 31 | Z59: 119 | AA59: 85 | AB59: 33 | AC59: 8 | AD59: 44 | AE59: 1.7408124 | AF59: 0.94517958 | AG59: 0.84 | AH59: 9.0257784 | AI59: 2.919317 | AJ59: 10.184131 | AK59: 51.268832 | AL59: 1.3458319 | AM59: 7.2447272 | AN59: 2.0957482 | AO59: 0.0066956813 | AP59: 8.7378641 | AQ59: 5.79846
A60: 66 | B60: Opfikon | C60: 21014 | D60: 34.938676 | E60: 3759.2129 | F60: 44.912915 | G60: 20.414961 | H60: 68.026078 | I60: 11.558961 | J60: 6.2839879 | K60: 2.0302115 | L60: 12.471299 | M60: 6.1389728 | N60: 9472 | O60: 2.1977407 | P60: 5.59 | Q60: 62.142857 | R60: 66 | S60: 20 | T60: -68 | U60: 15.535714 | V60: 2.3214286 | W60: 19226 | X60: 13 | Y60: 1534 | Z60: 17679 | AA60: 1414 | AB60: 6 | AC60: 154 | AD60: 1254 | AE60: 1.8812174 | AF60: 15.567124 | AG60: 4.59 | AH60: 12.757661 | AI60: 5.9433145 | AJ60: 14.744847 | AK60: 34.904004 | AL60: 3.2971543 | AM60: 15.567995 | AN60: 1.8230117 | AO60: 0.45375775 | AP60: 7.7469445 | AQ60: 1.0055637
... A63: 69 | B63: Wallisellen | C63: 16841 | D63: 23.341145 | E63: 2623.2087 | F63: 31.013598 | G63: 19.167508 | H63: 65.079271 | I63: 15.753221 | J63: 6.2716719 | K63: 1.6885271 | L63: 13.146389 | M63: 6.7541082 | N63: 7663 | O63: 2.1670364 | P63: 6.42 | Q63: 56.744186 | R63: 44 | S63: 21.085271 | T63: -46 | U63: 21.085271 | V63: 1.0852713 | W63: 20325 | X63: 18 | Y63: 3060 | Z63: 17247 | AA63: 1414 | AB63: 5 | AC63: 167 | AD63: 1242 | AE63: 0.82274652 | AF63: 15.057406 | AG63: 2.69 | AH63: 16.647366 | AI63: 4.8283034 | AJ63: 15.143494 | AK63: 30.347647 | AL63: 2.6942075 | AM63: 14.800022 | AN63: 1.815045 | AO63: 0.14101261 | AP63: 10.075706 | AQ63: 1.5353831
A64: 70 | B64: Wasterkingen | C64: 563 | D64: 0.71556351 | E64: 142.17172 | F64: 9.5914742 | G64: 20.248668 | H64: 59.325044 | I64: 20.426288 | J64: 1.7809439 | K64: 1.7809439 | L64: 5.3428317 | M64: 8.9047195 | N64: 251 | O64: 2.2151394 | P64: 3.96 | Q64: 7.3604061 | R64: 3 | S64: 48.984772 | T64: -3 | U64: 43.401015 | V64: 0.25380711 | W64: 74 | X64: 18 | Y64: 12 | Z64: 44 | AA64: X | AB64: 8 | AC64: X | AD64: 20 | AE64: 1.0948905 | AF64: 0 | AG64: X | AH64: 10.38816 | AI64: 1.7732477 | AJ64: 10.709299 | AK64: 46.760681 | AL64: 2.4853393 | AM64: 11.770455 | AN64: 2.5691148 | AO64: 0 | AP64: 10.653449 | AQ64: 2.2340128
A65: 71 | B65: Wil (ZH) | C65: 1474 | D65: 14.618974 | E65: 164.69274 | F65: 12.415197 | G65: 21.438263 | H65: 58.616011 | I65: 19.945726 | J65: 4.8292515 | K65: 1.3797861 | L65: 13.797861 | M65: 9.6585029 | N65: 603 | O65: 2.4295191 | P65: 8.95 | Q65: 15.384615 | R65: 12 | S65: 53.065775 | T65: -22 | U65: 30.211817 | V65: 1.3377926 | W65: 543 | X65: 81 | Y65: 176 | Z65: 286 | AA65: 132 | AB65: 27 | AC65: 26 | AD65: 79 | AE65: 2.4205749 | AF65: 2.8429282 | AG65: 0.63 | AH65: 11.1516 | AI65: 1.1950056 | AJ65: 13.552328 | AK65: 43.748995 | AL65: 3.8583141 | AM65: 10.32099 | AN65: 2.116714 | AO65: 0.11253416 | AP65: 10.213815 | AQ65: 2.4543165
A66: 72 | B66: Winkel | C66: 4535 | D66: 15.394402 | E66: 559.18619 | F66: 14.950386 | G66: 17.353914 | H66: 63.461963 | I66: 19.184123 | J66: 6.1857948 | K66: 3.0928974 | L66: 8.3950072 | M66: 3.7556611 | N66: 1998 | O66: 2.2492492 | P66: 8.11 | Q66: 21.384425 | R66: 31 | S66: 44.004944 | T66: -35 | U66: 27.564895 | V66: 7.0457355 | W66: 981 | X66: 121 | Y66: 109 | Z66: 751 | AA66: 267 | AB66: 24 | AC66: 27 | AD66: 216 | AE66: 0.60380864 | AF66: 2.4229075 | AG66: 1.51 | AH66: 21.565711 | AI66: 2.9438121 | AJ66: 8.1870007 | AK66: 38.942592 | AL66: 4.1583252 | AM66: 11.956377 | AN66: 1.7483651 | AO66: 0.01906614 | AP66: 6.6426433 | AQ66: 2.4785983
A67: 81 | B67: Bachs | C67: 592 | D67: 3.1358885 | E67: 64.841183 | F67: 13.344595 | G67: 17.905405 | H67: 60.641892 | I67: 21.452703 | J67: 5.1194539 | K67: 1.7064846 | L67: 1.7064846 | M67: 8.5324232 | N67: 244 | O67: 2.397541 | P67: 9.13 | Q67: 5.9912854 | R67: 6 | S67: 48.910675 | T67: -10 | U67: 44.553377 | V67: 0.54466231 | W67: 268 | X67: 82 | Y67: 49 | Z67: 137 | AA67: 63 | AB67: 23 | AC67: 7 | AD67: 33 | AE67: 0 | AF67: 10.118044 | AG67: X | AH67: 3.6781336 | AI67: 1.0832044 | AJ67: 9.1774789 | AK67: 54.588739 | AL67: 1.3569813 | AM67: 7.630044 | AN67: 1.6069516 | AO67: 0.011903345 | AP67: 14.510177 | AQ67: 6.0945126
A68: 82 | B68: Boppelsen | C68: 1432 | D68: 11.180124 | E68: 361.61616 | F68: 11.592179 | G68: 22.835196 | H68: 58.868715 | I68: 18.296089 | J68: 2.1359915 | K68: 0 | L68: 9.255963 | M68: 5.6959772 | N68: 593 | O68: 2.4047218 | P68: 3.96 | Q68: 12.436548 | R68: 11 | S68: 40.101523 | T68: -11 | U68: 46.192893 | V68: 1.2690355 | W68: 318 | X68: 167 | Y68: 19 | Z68: 132 | AA68: 79 | AB68: 11 | AC68: 9 | AD68: 59 | AE68: 0.62992126 | AF68: 17.479971 | AG68: 1.31 | AH68: 13.944934 | AI68: 2.3854601 | AJ68: 8.7196408 | AK68: 38.059177 | AL68: 6.3449992 | AM68: 14.972684 | AN68: 1.0926597 | AO68: 0.57878509 | AP68: 10.180127 | AQ68: 3.039974
A69: 83 | B69: Buchs (ZH) | C69: 6565 | D69: 18.737566 | E69: 1124.1438 | F69: 26.04722 | G69: 20.792079 | H69: 65.727342 | I69: 13.480579 | J69: 7.4062645 | K69: 1.8515661 | L69: 12.498071 | M69: 5.0918068 | N69: 2757 | O69: 2.3670657 | P69: 5.84 | Q69: 26.405451 | R69: 43 | S69: 46.678024 | T69: -44 | U69: 25.72402 | V69: 1.1925043 | W69: 2327 | X69: 44 | Y69: 313 | Z69: 1970 | AA69: 288 | AB69: 9 | AC69: 50 | AD69: 229 | AE69: 1.4836795 | AF69: 2.0585907 | AG69: 2.89 | AH69: 11.54498 | AI69: 4.0148797 | AJ69: 12.062248 | AK69: 43.038894 | AL69: 2.8042526 | AM69: 12.106271 | AN69: 1.8753714 | AO69: 0.22231516 | AP69: 8.1442187 | AQ69: 3.0970042
A70: 84 | B70: Dällikon | C70: 4177 | D70: 15.674328 | E70: 926.16408 | F70: 29.351209 | G70: 20.948049 | H70: 62.628681 | I70: 16.42327 | J70: 4.3238049 | K70: 1.4412683 | L70: 12.490992 | M70: 5.7650733 | N70: 1757 | O70: 2.3682413 | P70: 4.51 | Q70: 23.830735 | R70: 29 | S70: 42.761693 | T70: -31 | U70: 32.293987 | V70: 1.1135857 | W70: 2752 | X70: 142 | Y70: 1144 | Z70: 1466 | AA70: 292 | AB70: 9 | AC70: 75 | AD70: 208 | AE70: 0.26780932 | AF70: 7.2850898 | AG70: 2.75 | AH70: 9.8606128 | AI70: 5.3236268 | AJ70: 10.678305 | AK70: 46.936241 | AL70: 2.3978747 | AM70: 12.361993 | AN70: 0.93154844 | AO70: 0.017250897 | AP70: 8.3942865 | AQ70: 1.7733922
A71: 85 | B71: Dänikon | C71: 1861 | D71: -2.565445 | E71: 648.43206 | F71: 26.759807 | G71: 21.762493 | H71: 63.245567 | I71: 14.99194 | J71: 3.2128514 | K71: 2.1419009 | L71: 13.922356 | M71: 2.6773762 | N71: 766 | O71: 2.4125326 | P71: 2.87 | Q71: 18.86121 | R71: 25 | S71: 47.330961 | T71: -28 | U71: 31.672598 | V71: 2.1352313 | W71: 434 | X71: 69 | Y71: 191 | Z71: 174 | AA71: 104 | AB71: 8 | AC71: 23 | AD71: 73 | AE71: 0.49321825 | AF71: 0 | AG71: 1.71 | AH71: 12.444365 | AI71: 4.6644116 | AJ71: 9.0261706 | AK71: 41.172631 | AL71: 2.1541748 | AM71: 17.233399 | AN71: 1.4835915 | AO71: 0.41540561 | AP71: 7.6850039 | AQ71: 2.1126343
A72: 86 | B72: Dielsdorf | C72: 5966 | D72: 5.7239057 | E72: 1016.3543 | F72: 31.847134 | G72: 19.979886 | H72: 62.822662 | I72: 17.197452 | J72: 5.5151667 | K72: 2.3397677 | L72: 10.027576 | M72: 6.350798 | N72: 2584 | O72: 2.2856037 | P72: 5.87 | Q72: 34.863946 | R72: 40 | S72: 33.503401 | T72: -42 | U72: 29.761905 | V72: 1.8707483 | W72: 4370 | X72: 23 | Y72: 662 | Z72: 3685 | AA72: 428 | AB72: 9 | AC72: 59 | AD72: 360 | AE72: 0.69613644 | AF72: 2.6818639 | AG72: 1.38 | AH72: 12.422785 | AI72: 3.6014679 | AJ72: 15.094254 | AK72: 37.261517 | AL72: 3.3302181 | AM72: 10.85911 | AN72: 0.61316131 | AO72: 0.10941168 | AP72: 11.542933 | AQ72: 3.8772766
A73: 87 | B73: Hüttikon | C73: 952 | D73: 43.806647 | E73: 598.74214 | F73: 15.861345 | G73: 27.310924 | H73: 59.978992 | I73: 12.710084 | J73: 2.1299255 | K73: 3.1948882 | L73: 8.5197018 | M73: 6.3897764 | N73: 356 | O73: 2.6516854 | P73: 1.59 | Q73: 15.625 | R73: 12 | S73: 48.125 | T73: -12 | U73: 36.25 | V73: 0 | W73: 129 | X73: 15 | Y73: 27 | Z73: 87 | AA73: 45 | AB73: 7 | AC73: 7 | AD73: 31 | AE73: 0.26525199 | AF73: 0 | AG73: 0.97 | AH73: 13.01006 | AI73: 4.8377981 | AJ73: 6.9402057 | AK73: 52.243698 | AL73: 0.847745 | AM73: 12.060586 | AN73: 1.4355149 | AO73: 0 | AP73: 6.4541653 | AQ73: 1.4016051
A74: 88 | B74: Neerach | C74: 3175 | D74: 6.686828 | E74: 525.66225 | F74: 13.322835 | G74: 16.346457 | H74: 62.80315 | I74: 20.850394 | J74: 3.148119 | K74: 2.5184952 | L74: 8.1851094 | M74: 6.9258618 | N74: 1459 | O74: 2.1610692 | P74: 6.04 | Q74: 19.166667 | R74: 23 | S74: 62 | T74: -25 | U74: 5.5 | V74: 13.333333 | W74: 641 | X74: 35 | Y74: 70 | Z74: 536 | AA74: 243 | AB74: 16 | AC74: 27 | AD74: 200 | AE74: 0.9487666 | AF74: 4.443034 | AG74: 0.35 | AH74: 13.974531 | AI74: 2.180862 | AJ74: 8.847185 | AK74: 49.146731 | AL74: 2.026191 | AM74: 11.025469 | AN74: 1.6137348 | AO74: 0.10311404 | AP74: 6.1919984 | AQ74: 3.9956692
A75: 89 | B75: Niederglatt | C75: 4993 | D75: 8.8985823 | E75: 1386.9444 | F75: 26.056479 | G75: 20.749049 | H75: 63.689165 | I75: 15.561787 | J75: 4.4234443 | K75: 2.0106565 | L75: 12.868201 | M75: 5.0266412 | N75: 2103 | O75: 2.3456966 | P75: 3.6 | Q75: 33.518006 | R75: 18 | S75: 54.847645 | T75: -18 | U75: 7.7562327 | V75: 3.8781163 | W75: 1398 | X75: 34 | Y75: 349 | Z75: 1015 | AA75: 230 | AB75: 11 | AC75: 36 | AD75: 183 | AE75: 1.0430839 | AF75: 3.6370984 | AG75: 1.17 | AH75: 12.729782 | AI75: 3.2156434 | AJ75: 11.92522 | AK75: 47.758163 | AL75: 2.7183253 | AM75: 10.037494 | AN75: 1.6638025 | AO75: 0.020830079 | AP75: 5.6631776 | AQ75: 3.3302088
A76: 90 | B76: Niederhasli | C76: 9345 | D76: 9.3878029 | E76: 826.99115 | F76: 25.799893 | G76: 22.129481 | H76: 62.129481 | I76: 15.741038 | J76: 5.1587941 | K76: 2.1494976 | L76: 10.747488 | M76: 4.2989951 | N76: 3862 | O76: 2.403159 | P76: 11.3 | Q76: 21.612046 | R76: 70 | S76: 55.181577 | T76: -68 | U76: 21.25775 | V76: 1.9486271 | W76: 2505 | X76: 56 | Y76: 950 | Z76: 1499 | AA76: 469 | AB76: 24 | AC76: 100 | AD76: 345 | AE76: 1.3816926 | AF76: 5.1075853 | AG76: 2.22 | AH76: 10.152581 | AI76: 4.8257947 | AJ76: 13.139978 | AK76: 42.51438 | AL76: 2.6833759 | AM76: 12.229343 | AN76: 1.6271535 | AO76: 0.39394242 | AP76: 8.1728779 | AQ76: 3.2043505
A77: 91 | B77: Niederweningen | C77: 3073 | D77: 12.522885 | E77: 448.61314 | F77: 17.051741 | G77: 23.039375 | H77: 62.284413 | I77: 14.676212 | J77: 3.9177277 | K77: 1.3059092 | L77: 8.8148874 | M77: 5.223637 | N77: 1230 | O77: 2.4804878 | P77: 6.85 | Q77: 14.160584 | R77: 31 | S77: 46.131387 | T77: -34 | U77: 38.978102 | V77: 0.72992701 | W77: 843 | X77: 50 | Y77: 352 | Z77: 441 | AA77: 151 | AB77: 22 | AC77: 18 | AD77: 111 | AE77: 0.98934551 | AF77: 0 | AG77: 1.11 | AH77: 12.594749 | AI77: 4.9663453 | AJ77: 12.273361 | AK77: 32.175126 | AL77: 3.1562671 | AM77: 12.9222 | AN77: 1.7494391 | AO77: 0.027287611 | AP77: 14.547329 | AQ77: 3.9536717
A78: 92 | B78: Oberglatt | C78: 7228 | D78: 23.323665 | E78: 876.12121 | F78: 37.174875 | G78: 21.859436 | H78: 66.643608 | I78: 11.496956 | J78: 5.9988839 | K78: 2.5111607 | L78: 11.579241 | M78: 6.6964286 | N78: 3065 | O78: 2.3412724 | P78: 8.25 | Q78: 31.113801 | R78: 50 | S78: 49.757869 | T78: -63 | U78: 10.653753 | V78: 8.4745763 | W78: 1748 | X78: 24 | Y78: 921 | Z78: 803 | AA78: 309 | AB78: 8 | AC78: 59 | AD78: 242 | AE78: 0.46367852 | AF78: 7.7275329 | AG78: 2.91 | AH78: 10.871795 | AI78: 3.2937729 | AJ78: 15.156044 | AK78: 41.377289 | AL78: 4.0498168 | AM78: 9.9868132 | AN78: 1.5443223 | AO78: 0.33113553 | AP78: 7.0124542 | AQ78: 5.192674
A79: 93 | B79: Oberweningen | C79: 1790 | D79: 2.5200458 | E79: 362.34818 | F79: 20.335196 | G79: 19.553073 | H79: 62.960894 | I79: 17.486034 | J79: 2.7831895 | K79: 3.3398274 | L79: 6.6796549 | M79: 7.7929307 | N79: 755 | O79: 2.3549669 | P79: 4.94 | Q79: 10.590631 | R79: 14 | S79: 34.01222 | T79: -15 | U79: 55.193483 | V79: 0.20366599 | W79: 235 | X79: 34 | Y79: 48 | Z79: 153 | AA79: 90 | AB79: 7 | AC79: 14 | AD79: 69 | AE79: 1.3530135 | AF79: 0 | AG79: 0.78 | AH79: 11.58685 | AI79: 3.121926 | AJ79: 11.850893 | AK79: 41.506601 | AL79: 1.7188713 | AM79: 12.430753 | AN79: 2.2728449 | AO79: 0.39347657 | AP79: 8.6409526 | AQ79: 4.7942014
A80: 94 | B80: Otelfingen | C80: 2982 | D80: 21.416938 | E80: 417.06294 | F80: 23.138833 | G80: 23.105298 | H80: 60.56338 | I80: 16.331321 | J80: 4.3911501 | K80: 2.0266847 | L80: 10.808985 | M80: 4.7289309 | N80: 1202 | O80: 2.453411 | P80: 7.15 | Q80: 25.173853 | R80: 85 | S80: 36.856745 | T80: -89 | U80: 36.995828 | V80: 0.97357441 | W80: 2385 | X80: 82 | Y80: 490 | Z80: 1813 | AA80: 264 | AB80: 11 | AC80: 51 | AD80: 202 | AE80: 1.6291699 | AF80: 5.6298381 | AG80: 1.19 | AH80: 9.9098172 | AI80: 3.8130508 | AJ80: 11.624318 | AK80: 37.12581 | AL80: 2.6300449 | AM80: 21.067791 | AN80: 1.9682474 | AO80: 0.065151048 | AP80: 8.7302404 | AQ80: 1.6767822
A81: 95 | B81: Regensberg | C81: 469 | D81: -4.4806517 | E81: 197.8903 | F81: 16.204691 | G81: 18.336887 | H81: 61.407249 | I81: 20.255864 | J81: 0 | K81: 2.0964361 | L81: 2.0964361 | M81: 8.3857442 | N81: 224 | O81: 2.0848214 | P81: 2.37 | Q81: 9.2050209 | R81: -2 | S81: 33.891213 | T81: -1 | U81: 55.648536 | V81: 1.2552301 | W81: 258 | X81: 19 | Y81: 6 | Z81: 233 | AA81: X | AB81: 5 | AC81: X | AD81: 35 | AE81: 1.5151515 | AF81: 0 | AG81: X | AH81: 14.647745 | AI81: 4.7981078 | AJ81: 15.729008 | AK81: 31.711438 | AL81: 2.3314749 | AM81: 12.806217 | AN81: 1.3008954 | AO81: 0.084473729 | AP81: 12.383849 | AQ81: 3.2606859
A82: 96 | B82: Regensdorf | C82: 18540 | D82: 12.044479 | E82: 1268.1259 | F82: 35.571737 | G82: 20.711974 | H82: 62.567422 | I82: 16.720604 | J82: 5.7842528 | K82: 2.1623375 | L82: 11.190096 | M82: 6.432954 | N82: 7961 | O82: 2.2997111 | P82: 14.62 | Q82: 31.849315 | R82: 91 | S82: 41.986301 | T82: -91 | U82: 23.90411 | V82: 2.260274 | W82: 11126 | X82: 77 | Y82: 2317 | Z82: 8732 | AA82: 1271 | AB82: 24 | AC82: 207 | AD82: 1040 | AE82: 0.54367096 | AF82: 4.2583392 | AG82: 4.03 | AH82: 10.599353 | AI82: 4.6360501 | AJ82: 14.173956 | AK82: 43.551312 | AL82: 1.8828675 | AM82: 10.877605 | AN82: 1.7424081 | AO82: 0.13245857 | AP82: 8.8364981 | AQ82: 1.8713107
A83: 97 | B83: Rümlang | C83: 8233 | D83: 22.441999 | E83: 663.4166 | F83: 29.819021 | G83: 20.867242 | H83: 63.707033 | I83: 15.425726 | J83: 3.5355075 | K83: 2.316367 | L83: 12.069491 | M83: 5.6080463 | N83: 3536 | O83: 2.2992081 | P83: 12.41 | Q83: 29.307568 | R83: 89 | S83: 46.537842 | T83: -90 | U83: 21.417069 | V83: 2.7375201 | W83: 6277 | X83: 100 | Y83: 1869 | Z83: 4308 | AA83: 738 | AB83: 25 | AC83: 149 | AD83: 564 | AE83: 1.1238962 | AF83: 2.1335341 | AG83: 2.77 | AH83: 8.7021671 | AI83: 3.4239263 | AJ83: 19.756879 | AK83: 41.609695 | AL83: 2.5173725 | AM83: 9.8709472 | AN83: 2.0884452 | AO83: 0.207908 | AP83: 6.284066 | AQ83: 3.9689824
A84: 98 | B84: Schleinikon | C84: 758 | D84: 5.7182706 | E84: 133.4507 | F84: 9.8944591 | G84: 18.997361 | H84: 64.775726 | I84: 16.226913 | J84: 9.4212651 | K84: 0 | L84: 5.3835801 | M84: 5.3835801 | N84: 322 | O84: 2.3354037 | P84: 5.68 | Q84: 6.7137809 | R84: 6 | S84: 49.293286 | T84: -7 | U84: 43.462898 | V84: 0.53003534 | W84: 126 | X84: 29 | Y84: 31 | Z84: 66 | AA84: 55 | AB84: 14 | AC84: 8 | AD84: 33 | AE84: 0.56338028 | AF84: 1.3586957 | AG84: X | AH84: 8.5534591 | AI84: 2.2298456 | AJ84: 9.8113208 | AK84: 43.544883 | AL84: 3.9336764 | AM84: 10.737564 | AN84: 0.9948542 | AO84: 0.057175529 | AP84: 13.642081 | AQ84: 4.7341338
A85: 99 | B85: Schöfflisdorf | C85: 1377 | D85: 1.6236162 | E85: 343.39152 | F85: 15.395788 | G85: 19.89833 | H85: 59.114016 | I85: 20.987654 | J85: 0.7264802 | K85: 0.7264802 | L85: 7.264802 | M85: 9.4442426 | N85: 605 | O85: 2.2578512 | P85: 4.01 | Q85: 11.64557 | R85: 7 | S85: 42.278481 | T85: -8 | U85: 45.822785 | V85: 0.25316456 | W85: 338 | X85: 15 | Y85: 23 | Z85: 300 | AA85: 89 | AB85: 7 | AC85: 13 | AD85: 69 | AE85: 0.61728395 | AF85: 7.1174377 | AG85: 1.38 | AH85: 13.153447 | AI85: 3.4226729 | AJ85: 9.7549197 | AK85: 39.508632 | AL85: 4.0082096 | AM85: 13.533744 | AN85: 1.6720995 | AO85: 0 | AP85: 9.5798624 | AQ85: 5.1189183
A86: 100 | B86: Stadel | C86: 2293 | D86: 15.983814 | E86: 177.88984 | F86: 14.08635 | G86: 21.020497 | H86: 61.971217 | I86: 17.008286 | J86: 6.5473592 | K86: 1.7459625 | L86: 8.2933217 | M86: 7.4203405 | N86: 992 | O86: 2.296371 | P86: 12.89 | Q86: 11.413043 | R86: 29 | S86: 57.375776 | T86: -31 | U86: 30.357143 | V86: 0.85403727 | W86: 497 | X86: 88 | Y86: 58 | Z86: 351 | AA86: 147 | AB86: 35 | AC86: 16 | AD86: 96 | AE86: 1.7399267 | AF86: 0.43859649 | AG86: 1.09 | AH86: 10.40061 | AI86: 3.7308376 | AJ86: 6.597781 | AK86: 52.113153 | AL86: 2.1470314 | AM86: 8.2535784 | AN86: 1.8251884 | AO86: 0.004234776 | AP86: 10.188871 | AQ86: 3.8875244
A87: 101 | B87: Steinmaur | C87: 3609 | D87: 13.597734 | E87: 384.34505 | F87: 27.126628 | G87: 19.866999 | H87: 62.981435 | I87: 17.151566 | J87: 4.4792833 | K87: 1.399776 | L87: 10.358343 | M87: 6.4389698 | N87: 1582 | O87: 2.2515803 | P87: 9.39 | Q87: 13.727561 | R87: 20 | S87: 56.388596 | T87: -20 | U87: 29.250264 | V87: 0.63357973 | W87: 824 | X87: 156 | Y87: 173 | Z87: 495 | AA87: 215 | AB87: 27 | AC87: 39 | AD87: 149 | AE87: 2.5061125 | AF87: 7.1797817 | AG87: 0.91 | AH87: 11.503063 | AI87: 4.2228238 | AJ87: 10.568457 | AK87: 38.655079 | AL87: 3.6985326 | AM87: 11.514461 | AN87: 2.0202308 | AO87: 0.094030489 | AP87: 10.491523 | AQ87: 6.4995014
A88: 102 | B88: Weiach | C88: 1903 | D88: 92.806484 | E88: 198.64301 | F88: 26.116658 | G88: 19.285339 | H88: 67.787704 | I88: 12.926957 | J88: 8.6183679 | K88: 3.231888 | L88: 15.082144 | M88: 2.154592 | N88: 826 | O88: 2.2953995 | P88: 9.58 | Q88: 11.887383 | R88: 9 | S88: 34.51512 | T88: -20 | U88: 50.156413 | V88: 3.4410845 | W88: 290 | X88: 31 | Y88: 102 | Z88: 157 | AA88: 95 | AB88: 12 | AC88: 17 | AD88: 66 | AE88: 3.131524 | AF88: 47.835991 | AG88: 2.82 | AH88: 9.4861021 | AI88: 4.6703297 | AJ88: 9.9951519 | AK88: 55.583387 | AL88: 3.9996768 | AM88: 6.8681319 | AN88: 2.706852 | AO88: 0.032320621 | AP88: 4.7592114 | AQ88: 1.6402715
A89: 111 | B89: Bäretswil | C89: 5053 | D89: 5.1175369 | E89: 227.71519 | F89: 10.152385 | G89: 21.511973 | H89: 58.183257 | I89: 20.304769 | J89: 3.3723468 | K89: 2.3804801 | L89: 10.513787 | M89: 6.7446935 | N89: 2112 | O89: 2.3674242 | P89: 22.19 | Q89: 8.6036036 | R89: 31 | S89: 49.54955 | T89: -30 | U89: 39.324324 | V89: 2.5225225 | W89: 1647 | X89: 147 | Y89: 403 | Z89: 1097 | AA89: 400 | AB89: 62 | AC89: 76 | AD89: 262 | AE89: 1.4623656 | AF89: 1.7864232 | AG89: 1.71 | AH89: 11.277512 | AI89: 2.8668887 | AJ89: 7.6634451 | AK89: 42.6671 | AL89: 8.1734752 | AM89: 8.0873873 | AN89: 2.4494437 | AO89: 0.042231787 | AP89: 10.033298 | AQ89: 5.3520669
A90: 112 | B90: Bubikon | C90: 7344 | D90: 11.509262 | E90: 632.55814 | F90: 11.410675 | G90: 22.140523 | H90: 58.3878 | I90: 19.471678 | J90: 6.2678839 | K90: 1.0900668 | L90: 10.219376 | M90: 6.8129173 | N90: 3014 | O90: 2.4014599 | P90: 11.61 | Q90: 21.016365 | R90: 66 | S90: 60.292851 | T90: -78 | U90: 12.575366 | V90: 6.1154177 | W90: 3617 | X90: 97 | Y90: 1629 | Z90: 1891 | AA90: 557 | AB90: 35 | AC90: 99 | AD90: 423 | AE90: 1.048412 | AF90: 6.3888889 | AG90: 1.43 | AH90: 11.510169 | AI90: 5.1188752 | AJ90: 11.544984 | AK90: 31.564525 | AL90: 4.3888908 | AM90: 13.875319 | AN90: 2.185461 | AO90: 0.067383174 | AP90: 12.447918 | AQ90: 5.9914873
A91: 113 | B91: Dürnten | C91: 7606 | D91: 13.998801 | E91: 744.22701 | F91: 18.393374 | G91: 21.732842 | H91: 60.991323 | I91: 17.275835 | J91: 5.641934 | K91: 2.0993243 | L91: 8.2660894 | M91: 7.0852194 | N91: 3154 | O91: 2.3769816 | P91: 10.22 | Q91: 22.624878 | R91: 26 | S91: 59.255632 | T91: -25 | U91: 16.650343 | V91: 1.4691479 | W91: 1836 | X91: 148 | Y91: 333 | Z91: 1355 | AA91: 433 | AB91: 36 | AC91: 85 | AD91: 312 | AE91: 1.9130435 | AF91: 1.1889036 | AG91: 2.54 | AH91: 10.493162 | AI91: 7.2980661 | AJ91: 10.0113 | AK91: 36.351357 | AL91: 4.5822347 | AM91: 11.491954 | AN91: 1.7274298 | AO91: 0.12338784 | AP91: 11.423116 | AQ91: 5.1667035
A92: 114 | B92: Fischenthal | C92: 2516 | D92: 9.2488059 | E92: 83.201058 | F92: 14.586645 | G92: 23.926868 | H92: 60.492846 | I92: 15.580286 | J92: 4.3850907 | K92: 2.3918677 | L92: 8.3715368 | M92: 7.5742476 | N92: 985 | O92: 2.5076142 | P92: 30.24 | Q92: 4.5740802 | R92: 35 | S92: 32.416308 | T92: 30 | U92: 61.716937 | V92: 1.2926748 | W92: 669 | X92: 137 | Y92: 265 | Z92: 267 | AA92: 205 | AB92: 53 | AC92: 45 | AD92: 107 | AE92: 1.2864494 | AF92: 5.5732484 | AG92: 2.28 | AH92: 5.4681092 | AI92: 1.5193532 | AJ92: 9.0028512 | AK92: 55.231809 | AL92: 3.3941335 | AM92: 6.3156661 | AN92: 1.917744 | AO92: 0.27731125 | AP92: 9.420771 | AQ92: 5.3626528
A93: 115 | B93: Gossau (ZH) | C93: 10280 | D93: 7.5201339 | E93: 562.97919 | F93: 14.571984 | G93: 21.14786 | H93: 59.717899 | I93: 19.134241 | J93: 4.5849185 | K93: 1.8534777 | L93: 9.36494 | M93: 6.0481904 | N93: 4338 | O93: 2.3414016 | P93: 18.26 | Q93: 18.886463 | R93: 61 | S93: 66.375546 | T93: -63 | U93: 14.19214 | V93: 0.54585153 | W93: 2675 | X93: 148 | Y93: 937 | Z93: 1590 | AA93: 629 | AB93: 53 | AC93: 125 | AD93: 451 | AE93: 0.8974359 | AF93: 2.5080257 | AG93: 1.63 | AH93: 14.278461 | AI93: 3.8466926 | AJ93: 9.7865672 | AK93: 36.131246 | AL93: 7.1374794 | AM93: 11.170641 | AN93: 2.063417 | AO93: 0.14794971 | AP93: 10.180516 | AQ93: 4.28704
A94: 116 | B94: Grüningen | C94: 3641 | D94: 15.112235 | E94: 414.69248 | F94: 13.897281 | G94: 20.845921 | H94: 61.109585 | I94: 18.044493 | J94: 4.2158516 | K94: 3.3726813 | L94: 8.71276 | M94: 7.0264193 | N94: 1565 | O94: 2.3035144 | P94: 8.78 | Q94: 16.342857 | R94: 28 | S94: 61.714286 | T94: -28 | U94: 19.657143 | V94: 2.2857143 | W94: 1791 | X94: 98 | Y94: 455 | Z94: 1238 | AA94: 260 | AB94: 40 | AC94: 43 | AD94: 177 | AE94: 0.93457944 | AF94: 2.6611473 | AG94: 0.92 | AH94: 13.410878 | AI94: 2.9244827 | AJ94: 10.438036 | AK94: 36.508947 | AL94: 4.8563211 | AM94: 11.5274 | AN94: 2.9270279 | AO94: 0.48614116 | AP94: 11.496857 | AQ94: 4.6908804
A95: 117 | B95: Hinwil | C95: 11277 | D95: 8.6520859 | E95: 506.14901 | F95: 17.105613 | G95: 19.56194 | H95: 60.556886 | I95: 19.881174 | J95: 3.9259424 | K95: 1.8737453 | L95: 8.4764667 | M95: 7.8518849 | N95: 4953 | O95: 2.24894 | P95: 22.28 | Q95: 19.667714 | R95: 84 | S95: 51.863493 | T95: -87 | U95: 26.62775 | V95: 1.8410418 | W95: 6999 | X95: 174 | Y95: 2511 | Z95: 4314 | AA95: 881 | AB95: 69 | AC95: 167 | AD95: 645 | AE95: 1.2589252 | AF95: 7.2327886 | AG95: 2.15 | AH95: 11.358925 | AI95: 5.1996255 | AJ95: 10.711897 | AK95: 41.970675 | AL95: 3.8261553 | AM95: 9.4529526 | AN95: 1.5080586 | AO95: 0.19310506 | AP95: 10.783789 | AQ95: 3.5176888
A96: 118 | B96: Rüti (ZH) | C96: 12286 | D96: 2.6742437 | E96: 1221.2724 | F96: 24.841283 | G96: 19.518151 | H96: 61.06951 | I96: 19.412339 | J96: 4.7424366 | K96: 1.7170891 | L96: 10.629599 | M96: 8.3401472 | N96: 5515 | O96: 2.1854941 | P96: 10.06 | Q96: 29.6333 | R96: 30 | S96: 34.588702 | T96: -31 | U96: 33.795837 | V96: 1.9821606 | W96: 5053 | X96: 58 | Y96: 1399 | Z96: 3596 | AA96: 854 | AB96: 21 | AC96: 136 | AD96: 697 | AE96: 1.1030036 | AF96: 4.7709139 | AG96: 5.11 | AH96: 9.7862934 | AI96: 10.00548 | AJ96: 13.353642 | AK96: 30.085167 | AL96: 5.7517809 | AM96: 10.567377 | AN96: 1.7395585 | AO96: 0.20804116 | AP96: 12.584633 | AQ96: 4.5202515
... A100: 131 | B100: Adliswil | C100: 18944 | D100: 14.798206 | E100: 2438.0952 | F100: 37.785051 | G100: 20.143581 | H100: 61.074747 | I100: 18.781672 | J100: 4.6137937 | K100: 1.9621881 | L100: 12.356482 | M100: 8.591202 | N100: 8759 | O100: 2.1356319 | P100: 7.77 | Q100: 46.015424 | R100: 44 | S100: 20.951157 | T100: -44 | U100: 30.976864 | V100: 2.0565553 | W100: 7507 | X100: 17 | Y100: 726 | Z100: 6764 | AA100: 1019 | AB100: 4 | AC100: 114 | AD100: 901 | AE100: 0.86510734 | AF100: 0.90411105 | AG100: 3.21 | AH100: 14.429164 | AI100: 8.9773692 | AJ100: 17.615027 | AK100: 28.522898 | AL100: 3.0631106 | AM100: 11.176928 | AN100: 1.9897373 | AO100: 0.22766363 | AP100: 11.061312 | AQ100: 0.76363662
A101: 135 | B101: Kilchberg (ZH) | C101: 8923 | D101: 19.148084 | E101: 3458.5271 | F101: 32.858904 | G101: 21.595876 | H101: 60.64104 | I101: 17.763084 | J101: 5.1740622 | K101: 2.6995107 | L101: 12.372757 | M101: 8.0985321 | N101: 4044 | O101: 2.1864491 | P101: 2.58 | Q101: 74.131274 | R101: 18 | S101: 24.324324 | T101: -16 | U101: 1.1583012 | V101: 0.38610039 | W101: 4127 | X101: 11 | Y101: 1192 | Z101: 2924 | AA101: X | AB101: X | AC101: 50 | AD101: 515 | AE101: 1.2752858 | AF101: 15.230224 | AG101: 1.05 | AH101: 29.887545 | AI101: 4.7625954 | AJ101: 9.6746843 | AK101: 22.322504 | AL101: 2.0750591 | AM101: 16.130796 | AN101: 1.2283011 | AO101: 0.1204873 | AP101: 11.799946 | AQ101: 0.59797403
A102: 136 | B102: Langnau am Albis | C102: 7727 | D102: 6.2568757 | E102: 891.23414 | F102: 27.785687 | G102: 21.366636 | H102: 57.654976 | I102: 20.978387 | J102: 3.9282441 | K102: 2.3569464 | L102: 9.6896687 | M102: 7.7255467 | N102: 3297 | O102: 2.3169548 | P102: 8.67 | Q102: 25.144175 | R102: 32 | S102: 25.720877 | T102: -34 | U102: 47.635525 | V102: 1.4994233 | W102: 1533 | X102: 21 | Y102: 181 | Z102: 1331 | AA102: 369 | AB102: 9 | AC102: 49 | AD102: 311 | AE102: 0.61641917 | AF102: 2.3894863 | AG102: 2.53 | AH102: 18.658867 | AI102: 9.6495824 | AJ102: 16.217003 | AK102: 27.914084 | AL102: 2.5553712 | AM102: 12.506185 | AN102: 1.1539917 | AO102: 0.15861928 | AP102: 8.8928665 | AQ102: 1.0128351
A103: 137 | B103: Oberrieden | C103: 5002 | D103: 1.1936071 | E103: 1792.8315 | F103: 21.291483 | G103: 19.152339 | H103: 55.577769 | I103: 25.269892 | J103: 4.5612295 | K103: 1.784829 | L103: 9.5190878 | M103: 9.5190878 | N103: 2245 | O103: 2.1884187 | P103: 2.79 | Q103: 43.478261 | R103: 19 | S103: 11.594203 | T103: -19 | U103: 42.391304 | V103: 2.5362319 | W103: X | X103: X | Y103: 112 | Z103: 869 | AA103: X | AB103: X | AC103: 24 | AD103: 269 | AE103: 0.3649635 | AF103: 2.5540275 | AG103: 0.98 | AH103: 21.560192 | AI103: 5.477437 | AJ103: 15.113171 | AK103: 25.12535 | AL103: 3.0226342 | AM103: 13.781377 | AN103: 1.1609699 | AO103: 0.3890989 | AP103: 11.64766 | AQ103: 0.70702118
A104: 138 | B104: Richterswil | C104: 13632 | D104: 10.37163 | E104: 1810.3586 | F104: 19.476232 | G104: 21.574237 | H104: 59.096244 | I104: 19.329519 | J104: 4.1259901 | K104: 1.7682815 | L104: 8.7677289 | M104: 6.6310554 | N104: 5947 | O104: 2.2661846 | P104: 7.53 | Q104: 41.168659 | R104: 67 | S104: 50.863214 | T104: -61 | U104: 7.1713147 | V104: 0.79681275 | W104: 4293 | X104: 66 | Y104: 1522 | Z104: 2705 | AA104: 803 | AB104: 22 | AC104: 119 | AD104: 662 | AE104: 1.297889 | AF104: 4.6082949 | AG104: 2.2 | AH104: 15.654219 | AI104: 7.5238194 | AJ104: 13.942478 | AK104: 29.200201 | AL104: 2.8509291 | AM104: 13.21902 | AN104: 1.5245887 | AO104: 0.29885194 | AP104: 12.61022 | AQ104: 1.5342052
A105: 139 | B105: Rüschlikon | C105: 6092 | D105: 16.481836 | E105: 2079.1809 | F105: 33.650689 | G105: 22.012475 | H105: 59.225213 | I105: 18.762311 | J105: 5.4424013 | K105: 1.31937 | L105: 12.369094 | M105: 8.4109838 | N105: 2551 | O105: 2.3590749 | P105: 2.93 | Q105: 59.385666 | R105: 13 | S105: 17.74744 | T105: -12 | U105: 22.1843 | V105: 0.68259386 | W105: 3050 | X105: 5 | Y105: 265 | Z105: 2780 | AA105: X | AB105: X | AC105: 45 | AD105: 389 | AE105: 0.60049452 | AF105: 2.3919358 | AG105: 0.91 | AH105: 25.955204 | AI105: 6.2727786 | AJ105: 11.007306 | AK105: 24.013141 | AL105: 2.3664083 | AM105: 16.595657 | AN105: 1.2542135 | AO105: 0.017110689 | AP105: 11.068905 | AQ105: 0.49278784
A106: 141 | B106: Thalwil | C106: 18139 | D106: 5.3796549 | E106: 3298 | F106: 29.031369 | G106: 19.99559 | H106: 61.039749 | I106: 18.964662 | J106: 4.0964322 | K106: 1.3839298 | L106: 10.407152 | M106: 7.196435 | N106: 8301 | O106: 2.1620287 | P106: 5.5 | Q106: 60.072595 | R106: 36 | S106: 15.063521 | T106: -33 | U106: 22.686025 | V106: 2.1778584 | W106: 6582 | X106: 5 | Y106: 1001 | Z106: 5576 | AA106: X | AB106: X | AC106: 106 | AD106: 1193 | AE106: 0.20842475 | AF106: 2.744022 | AG106: 2.51 | AH106: 20.326434 | AI106: 6.3699591 | AJ106: 15.184811 | AK106: 22.340008 | AL106: 3.18526 | AM106: 16.850637 | AN106: 1.474003 | AO106: 0.20360087 | AP106: 11.233384 | AQ106: 0.95574626
A107: 151 | B107: Erlenbach (ZH) | C107: 5592 | D107: 6.3522252 | E107: 1934.9481 | F107: 22.961373 | G107: 21.709585 | H107: 58.70887 | I107: 19.581545 | J107: 5.1739518 | K107: 1.7841213 | L107: 8.9206066 | M107: 6.779661 | N107: 2392 | O107: 2.3110368 | P107: 2.89 | Q107: 54.545455 | R107: 29 | S107: 20.538721 | T107: -23 | U107: 24.242424 | V107: 0.67340067 | W107: 1934 | X107: 27 | Y107: 135 | Z107: 1772 | AA107: X | AB107: X | AC107: 34 | AD107: 444 | AE107: 0.5281026 | AF107: 5.5595409 | AG107: 1.41 | AH107: 30.248545 | AI107: 4.3101912 | AJ107: 9.5453736 | AK107: 25.280615 | AL107: 0.99477373 | AM107: 16.342499 | AN107: 1.2041216 | AO107: 0.011877895 | AP107: 10.566873 | AQ107: 0.3741537
A108: 152 | B108: Herrliberg | C108: 6460 | D108: 6.1975999 | E108: 718.5762 | F108: 22.44582 | G108: 20.588235 | H108: 58.018576 | I108: 21.393189 | J108: 2.8013384 | K108: 2.3344487 | L108: 7.4702358 | M108: 7.158976 | N108: 2777 | O108: 2.2916817 | P108: 8.99 | Q108: 23.385301 | R108: 39 | S108: 52.227171 | T108: -35 | U108: 23.608018 | V108: 0.77951002 | W108: 1413 | X108: 47 | Y108: 118 | Z108: 1248 | AA108: 437 | AB108: 17 | AC108: 25 | AD108: 395 | AE108: 1.3933895 | AF108: 6.4996829 | AG108: 1.35 | AH108: 29.420755 | AI108: 3.6768049 | AJ108: 7.4912848 | AK108: 34.831759 | AL108: 1.3312787 | AM108: 13.204163 | AN108: 0.66690244 | AO108: 0.026524529 | AP108: 7.7868438 | AQ108: 0.17935634
A109: 153 | B109: Hombrechtikon | C109: 8775 | D109: 9.7835606 | E109: 720.44335 | F109: 20.672365 | G109: 21.128205 | H109: 58.541311 | I109: 20.330484 | J109: 3.4223135 | K109: 2.0533881 | L109: 8.6698608 | M109: 9.0120922 | N109: 3757 | O109: 2.2874634 | P109: 12.18 | Q109: 21.393443 | R109: 49 | S109: 57.704918 | T109: -56 | U109: 14.590164 | V109: 6.3114754 | W109: 2910 | X109: 199 | Y109: 603 | Z109: 2108 | AA109: 611 | AB109: 72 | AC109: 98 | AD109: 441 | AE109: 2.3439428 | AF109: 9.7447796 | AG109: 2.72 | AH109: 11.984857 | AI109: 3.4935078 | AJ109: 11.421424 | AK109: 35.177498 | AL109: 4.6447271 | AM109: 13.01542 | AN109: 2.0190615 | AO109: 0.2047842 | AP109: 13.008778 | AQ109: 3.6993989
...

Sheet data_for_import
A1: bfs_number | B1: bfs_name | C1: pop | D1: pop_dens | E1: frg_pct | F1: emp | G1: mean_taxable_income
A2: 1 | B2: Aeugst am Albis | C2: 1981 | D2: 250.44248 | E2: 14.184755 | F2: 442 | G2: =VLOOKUP(A2,fiscal!$A$1:$D$2198,4,FALSE) -> 115285.71
A3: 2 | B3: Affoltern am Albis | C3: 12303 | D3: 1161.7564 | E3: 28.700317 | F3: 6920 | G3: =VLOOKUP(A3,fiscal!$A$1:$D$2198,4,FALSE) -> 74896.29
A4: 3 | B4: Bonstetten | C4: 5572 | D4: 749.93271 | E4: 16.564968 | F4: 1014 | G4: =VLOOKUP(A4,fiscal!$A$1:$D$2198,4,FALSE) -> 91023.214
A5: 4 | B5: Hausen am Albis | C5: 3751 | D5: 275.80882 | E5: 16.022394 | F5: 1021 | G5: =VLOOKUP(A5,fiscal!$A$1:$D$2198,4,FALSE) -> 97382.179
A6: 5 | B6: Hedingen | C6: 3778 | D6: 578.56049 | E6: 16.410799 | F6: 1478 | G6: =VLOOKUP(A6,fiscal!$A$1:$D$2198,4,FALSE) -> 94955.074
A7: 6 | B7: Kappel am Albis | C7: 1221 | D7: 154.16667 | E7: 17.526618 | F7: 319 | G7: =VLOOKUP(A7,fiscal!$A$1:$D$2198,4,FALSE) -> 97089.858
A8: 7 | B8: Knonau | C8: 2378 | D8: 367.5425 | E8: 18.292683 | F8: 566 | G8: =VLOOKUP(A8,fiscal!$A$1:$D$2198,4,FALSE) -> 86992.469
A9: 8 | B9: Maschwanden | C9: 645 | D9: 137.52665 | E9: 12.868217 | F9: 175 | G9: =VLOOKUP(A9,fiscal!$A$1:$D$2198,4,FALSE) -> 72426.756
A10: 9 | B10: Mettmenstetten | C10: 5200 | D10: 399.07905 | E10: 14.769231 | F10: 1680 | G10: =VLOOKUP(A10,fiscal!$A$1:$D$2198,4,FALSE) -> 90336.051
A11: 10 | B11: Obfelden | C11: 5721 | D11: 758.75332 | E11: 21.464779 | F11: 1252 | G11: =VLOOKUP(A11,fiscal!$A$1:$D$2198,4,FALSE) -> 79419.346
A12: 11 | B12: Ottenbach | C12: 2588 | D12: 515.53785 | E12: 13.137558 | F12: 683 | G12: =VLOOKUP(A12,fiscal!$A$1:$D$2198,4,FALSE) -> 83296.276
A13: 12 | B13: Rifferswil | C13: 1129 | D13: 173.4255 | E13: 10.717449 | F13: 250 | G13: =VLOOKUP(A13,fiscal!$A$1:$D$2198,4,FALSE) -> 96300.208
... A23: 28 | B23: Flaach | C23: 1420 | D23: 139.62635 | E23: 15.422535 | F23: 809 | G23: =VLOOKUP(A23,fiscal!$A$1:$D$2198,4,FALSE) -> 74880.526
A24: 29 | B24: Flurlingen | C24: 1477 | D24: 612.86307 | E24: 14.218009 | G24: =VLOOKUP(A24,fiscal!$A$1:$D$2198,4,FALSE) -> 95652.288
A25: 30 | B25: Andelfingen | C25: 2247 | D25: 333.38279 | E25: 13.351135 | F25: 1551 | G25: =VLOOKUP(A25,fiscal!$A$1:$D$2198,4,FALSE) -> 85483.041
A26: 31 | B26: Henggart | C26: 2234 | D26: 737.29373 | E26: 9.042077 | F26: 631 | G26: =VLOOKUP(A26,fiscal!$A$1:$D$2198,4,FALSE) -> 79746.332
A27: 32 | B27: Humlikon | C27: 485 | D27: 131.79348 | E27: 8.2474227 | F27: 149 | G27: =VLOOKUP(A27,fiscal!$A$1:$D$2198,4,FALSE) -> 92520.488
A28: 33 | B28: Kleinandelfingen | C28: 2074 | D28: 201.55491 | E28: 12.19865 | F28: 1083 | G28: =VLOOKUP(A28,fiscal!$A$1:$D$2198,4,FALSE) -> 79336.957
A29: 34 | B29: Laufen-Uhwiesen | C29: 1761 | D29: 280.41401 | E29: 13.798978 | F29: 472 | G29: =VLOOKUP(A29,fiscal!$A$1:$D$2198,4,FALSE) -> 98692.036
A30: 35 | B30: Marthalen | C30: 1918 | D30: 135.73956 | E30: 11.366006 | F30: 1164 | G30: =VLOOKUP(A30,fiscal!$A$1:$D$2198,4,FALSE) -> 81878.308
A31: 37 | B31: Ossingen | C31: 1668 | D31: 127.42552 | E31: 11.7506 | F31: 426 | G31: =VLOOKUP(A31,fiscal!$A$1:$D$2198,4,FALSE) -> 74357.755
A32: 38 | B32: Rheinau | C32: 1316 | D32: 147.36842 | E32: 19.680851 | F32: 694 | G32: =VLOOKUP(A32,fiscal!$A$1:$D$2198,4,FALSE) -> 72849.486
A33: 39 | B33: Thalheim an der Thur | C33: 938 | D33: 145.65217 | E33: 9.5948827 | F33: 256 | G33: =VLOOKUP(A33,fiscal!$A$1:$D$2198,4,FALSE) -> 76950.455
A34: 40 | B34: Trüllikon | C34: 1061 | D34: 110.98326 | E34: 8.1998115 | F34: 309 | G34: =VLOOKUP(A34,fiscal!$A$1:$D$2198,4,FALSE) -> 73012.851
A35: 41 | B35: Truttikon | C35: 463 | D35: 104.98866 | E35: 4.9676026 | F35: 117 | G35: =VLOOKUP(A35,fiscal!$A$1:$D$2198,4,FALSE) -> 78396.939
A36: 43 | B36: Volken | C36: 380 | D36: 118.75 | E36: 9.4736842 | F36: 103 | G36: =VLOOKUP(A36,fiscal!$A$1:$D$2198,4,FALSE) -> 87196.364
... A94: 136 | B94: Langnau am Albis | C94: 7727 | D94: 891.23414 | E94: 27.785687 | F94: 1533 | G94: =VLOOKUP(A94,fiscal!$A$1:$D$2198,4,FALSE) -> 97894.616
A95: 137 | B95: Oberrieden | C95: 5002 | D95: 1792.8315 | E95: 21.291483 | G95: =VLOOKUP(A95,fiscal!$A$1:$D$2198,4,FALSE) -> 121367.88
A96: 138 | B96: Richterswil | C96: 13632 | D96: 1810.3586 | E96: 19.476232 | F96: 4293 | G96: =VLOOKUP(A96,fiscal!$A$1:$D$2198,4,FALSE) -> 90808.769
A97: 139 | B97: Rüschlikon | C97: 6092 | D97: 2079.1809 | E97: 33.650689 | F97: 3050 | G97: =VLOOKUP(A97,fiscal!$A$1:$D$2198,4,FALSE) -> 189266.74
A98: 141 | B98: Thalwil | C98: 18139 | D98: 3298 | E98: 29.031369 | F98: 6582 | G98: =VLOOKUP(A98,fiscal!$A$1:$D$2198,4,FALSE) -> 117599.52
A99: 151 | B99: Erlenbach (ZH) | C99: 5592 | D99: 1934.9481 | E99: 22.961373 | F99: 1934 | G99: =VLOOKUP(A99,fiscal!$A$1:$D$2198,4,FALSE) -> 195853.37
A100: 152 | B100: Herrliberg | C100: 6460 | D100: 718.5762 | E100: 22.44582 | F100: 1413 | G100: =VLOOKUP(A100,fiscal!$A$1:$D$2198,4,FALSE) -> 192037.67
A101: 153 | B101: Hombrechtikon | C101: 8775 | D101: 720.44335 | E101: 20.672365 | F101: 2910 | G101: =VLOOKUP(A101,fiscal!$A$1:$D$2198,4,FALSE) -> 80004.68
A102: 154 | B102: Küsnacht (ZH) | C102: 14564 | D102: 1178.3172 | E102: 26.503708 | F102: 6401 | G102: =VLOOKUP(A102,fiscal!$A$1:$D$2198,4,FALSE) -> 191913.14
A103: 155 | B103: Männedorf | C103: 11359 | D103: 2381.3417 | E103: 20.380315 | F103: 4984 | G103: =VLOOKUP(A103,fiscal!$A$1:$D$2198,4,FALSE) -> 107425.35
A104: 156 | B104: Meilen | C104: 14335 | D104: 1200.5863 | E104: 23.188001 | F104: 5910 | G104: =VLOOKUP(A104,fiscal!$A$1:$D$2198,4,FALSE) -> 143986.01
A105: 157 | B105: Oetwil am See | C105: 4840 | D105: 792.14403 | E105: 29.256198 | F105: 2303 | G105: =VLOOKUP(A105,fiscal!$A$1:$D$2198,4,FALSE) -> 71492.379
A106: 158 | B106: Stäfa | C106: 14718 | D106: 1713.3877 | E106: 19.323278 | F106: 6193 | G106: =VLOOKUP(A106,fiscal!$A$1:$D$2198,4,FALSE) -> 104308.45
A107: 159 | B107: Uetikon am See | C107: 6201 | D107: 1792.1965 | E107: 21.270763 | F107: 1480 | G107: =VLOOKUP(A107,fiscal!$A$1:$D$2198,4,FALSE) -> 124814.52
A108: 160 | B108: Zumikon | C108: 5486 | D108: 1001.0949 | E108: 24.826832 | G108: =VLOOKUP(A108,fiscal!$A$1:$D$2198,4,FALSE) -> 189813.42
A109: 161 | B109: Zollikon | C109: 13067 | D109: 1664.586 | E109: 26.058009 | F109: 5764 | G109: =VLOOKUP(A109,fiscal!$A$1:$D$2198,4,FALSE) -> 178706.06
A110: 172 | B110: Fehraltorf | C110: 6485 | D110: 684.79409 | E110: 18.226677 | F110: 4271 | G110: =VLOOKUP(A110,fiscal!$A$1:$D$2198,4,FALSE) -> 79575.969
A111: 173 | B111: Hittnau | C111: 3664 | D111: 282.93436 | E111: 7.669214 | F111: 783 | G111: =VLOOKUP(A111,fiscal!$A$1:$D$2198,4,FALSE) -> 82190.93
A112: 176 | B112: Lindau | C112: 5605 | D112: 467.47289 | E112: 20.820696 | F112: 2802 | G112: =VLOOKUP(A112,fiscal!$A$1:$D$2198,4,FALSE) -> 89538.922
A113: 177 | B113: Pfäffikon | C113: 12164 | D113: 623.47514 | E113: 19.089115 | F113: 5895 | G113: =VLOOKUP(A113,fiscal!$A$1:$D$2198,4,FALSE) -> 81335.877
A114: 178 | B114: Russikon | C114: 4393 | D114: 308.71398 | E114: 13.31664 | F114: 1207 | G114: =VLOOKUP(A114,fiscal!$A$1:$D$2198,4,FALSE) -> 92705.975
A115: 180 | B115: Weisslingen | C115: 3364 | D115: 262.60734 | E115: 10.434007 | F115: 886 | G115: =VLOOKUP(A115,fiscal!$A$1:$D$2198,4,FALSE) -> 88469.339
A116: 181 | B116: Wila | C116: 1977 | D116: 215.12514 | E116: 14.466363 | F116: 615 | G116: =VLOOKUP(A116,fiscal!$A$1:$D$2198,4,FALSE) -> 69066.216
A117: 182 | B117: Wildberg | C117: 985 | D117: 93.276515 | E117: 7.5126904 | F117: 243 | G117: =VLOOKUP(A117,fiscal!$A$1:$D$2198,4,FALSE) -> 76389.507
A118: 191 | B118: Dübendorf | C118: 29303 | D118: 2151.4684 | E118: 35.945125 | F118: 20104 | G118: =VLOOKUP(A118,fiscal!$A$1:$D$2198,4,FALSE) -> 81414.405
A119: 192 | B119: Egg | C119: 8796 | D119: 605.3682 | E119: 19.918145 | F119: 2469 | G119: =VLOOKUP(A119,fiscal!$A$1:$D$2198,4,FALSE) -> 96072.605
A120: 193 | B120: Fällanden | C120: 8689 | D120: 1361.9122 | E120: 24.214524 | F120: 2946 | G120: =VLOOKUP(A120,fiscal!$A$1:$D$2198,4,FALSE) -> 92939.167
... A147: 243 | B147: Dietikon | C147: 27746 | D147: 2970.6638 | E147: 46.226483 | F147: 18911 | G147: =VLOOKUP(A147,fiscal!$A$1:$D$2198,4,FALSE) -> 66038.159
A148: 244 | B148: Geroldswil | C148: 4934 | D148: 2556.4767 | E148: 26.753141 | G148: =VLOOKUP(A148,fiscal!$A$1:$D$2198,4,FALSE) -> 83634.67
A149: 245 | B149: Oberengstringen | C149: 6738 | D149: 3133.9535 | E149: 34.045711 | F149: 1170 | G149: =VLOOKUP(A149,fiscal!$A$1:$D$2198,4,FALSE) -> 80636.929
A150: 246 | B150: Oetwil an der Limmat | C150: 2515 | D150: 907.94224 | E150: 18.131213 | F150: 295 | G150: =VLOOKUP(A150,fiscal!$A$1:$D$2198,4,FALSE) -> 95235.191
A151: 247 | B151: Schlieren | C151: 18791 | D151: 2851.4416 | E151: 46.117822 | F151: 18945 | G151: =VLOOKUP(A151,fiscal!$A$1:$D$2198,4,FALSE) -> 67638.73
A152: 248 | B152: Uitikon | C152: 4668 | D152: 1065.7534 | E152: 18.937446 | F152: 1074 | G152: =VLOOKUP(A152,fiscal!$A$1:$D$2198,4,FALSE) -> 154695.91
A153: 249 | B153: Unterengstringen | C153: 3934 | D153: 1177.8443 | E153: 25.826131 | F153: 1000 | G153: =VLOOKUP(A153,fiscal!$A$1:$D$2198,4,FALSE) -> 94422.394
A154: 250 | B154: Urdorf | C154: 9981 | D154: 1316.7546 | E154: 24.927362 | F154: 6398 | G154: =VLOOKUP(A154,fiscal!$A$1:$D$2198,4,FALSE) -> 76759.255
A155: 251 | B155: Weiningen (ZH) | C155: 4813 | D155: 894.60967 | E155: 29.087887 | F155: 2177 | G155: =VLOOKUP(A155,fiscal!$A$1:$D$2198,4,FALSE) -> 84519.72
A156: 261 | B156: Zürich | C156: 420217 | D156: 4778.9947 | E156: 32.458468 | F156: 491193 | G156: =VLOOKUP(A156,fiscal!$A$1:$D$2198,4,FALSE) -> 88042.825
A157: 292 | B157: Stammheim | C157: 2790 | D157: 116.44407 | E157: 8.9964158 | F157: 1246 | G157: =VLOOKUP(A157,fiscal!$A$1:$D$2198,4,FALSE) -> 75296.145
A158: 293 | B158: Wädenswil | C158: 24624 | D158: 690.90909 | E158: 22.218161 | F158: 9750 | G158: =VLOOKUP(A158,fiscal!$A$1:$D$2198,4,FALSE) -> 90439.231
A159: 294 | B159: Elgg | C159: 4942 | D159: 202.62403 | E159: 17.968434 | F159: 1565 | G159: =VLOOKUP(A159,fiscal!$A$1:$D$2198,4,FALSE) -> 74260.415
A160: 295 | B160: Horgen | C160: 22992 | D160: 745.76711 | E160: 29.462422 | F160: 10294 | G160: =VLOOKUP(A160,fiscal!$A$1:$D$2198,4,FALSE) -> 104715.6
... A216: 388 | B216: Leuzigen | C216: 1289 | D216: 125.38911 | E216: 6.5166796 | F216: 273 | G216: =VLOOKUP(A216,fiscal!$A$1:$D$2198,4,FALSE) -> 63368.231
A217: 389 | B217: Meienried | C217: 50 | D217: 76.923077 | E217: 2 | G217: =VLOOKUP(A217,fiscal!$A$1:$D$2198,4,FALSE) -> X
A218: 390 | B218: Meinisberg | C218: 1298 | D218: 295.67198 | E218: 10.708783 | F218: 237 | G218: =VLOOKUP(A218,fiscal!$A$1:$D$2198,4,FALSE) -> 67830.851
A219: 391 | B219: Oberwil bei Büren | C219: 901 | D219: 133.67953 | E219: 5.9933407 | F219: 202 | G219: =VLOOKUP(A219,fiscal!$A$1:$D$2198,4,FALSE) -> 63433.077
A220: 392 | B220: Pieterlen | C220: 4651 | D220: 557.00599 | E220: 30.122554 | F220: 1283 | G220: =VLOOKUP(A220,fiscal!$A$1:$D$2198,4,FALSE) -> 62656.979
A221: 393 | B221: Rüti bei Büren | C221: 857 | D221: 131.84615 | E221: 10.618436 | F221: 549 | G221: =VLOOKUP(A221,fiscal!$A$1:$D$2198,4,FALSE) -> 59655.224
A222: 394 | B222: Wengi | C222: 608 | D222: 85.875706 | E222: 8.2236842 | F222: 150 | G222: =VLOOKUP(A222,fiscal!$A$1:$D$2198,4,FALSE) -> 66660.667
A223: 401 | B223: Aefligen | C223: 1096 | D223: 537.2549 | E223: 8.3941606 | F223: 255 | G223: =VLOOKUP(A223,fiscal!$A$1:$D$2198,4,FALSE) -> 61325.424
A224: 402 | B224: Alchenstorf | C224: 576 | D224: 87.671233 | E224: 4.6875 | F224: 114 | G224: =VLOOKUP(A224,fiscal!$A$1:$D$2198,4,FALSE) -> 64292.308
A225: 403 | B225: Bäriswil | C225: 1046 | D225: 383.15018 | E225: 6.7877629 | F225: 170 | G225: =VLOOKUP(A225,fiscal!$A$1:$D$2198,4,FALSE) -> 74901.452
A226: 404 | B226: Burgdorf | C226: 16587 | D226: 1066.0026 | E226: 16.657623 | F226: 14102 | G226: =VLOOKUP(A226,fiscal!$A$1:$D$2198,4,FALSE) -> 64475.73
A227: 405 | B227: Ersigen | C227: 2039 | D227: 131.88875 | E227: 3.6782737 | F227: 589 | G227: =VLOOKUP(A227,fiscal!$A$1:$D$2198,4,FALSE) -> 66999.892
A228: 406 | B228: Hasle bei Burgdorf | C228: 3326 | D228: 151.94153 | E228: 9.2303067 | F228: 1348 | G228: =VLOOKUP(A228,fiscal!$A$1:$D$2198,4,FALSE) -> 59421.633
A229: 407 | B229: Heimiswil | C229: 1636 | D229: 70.034247 | E229: 4.2176039 | F229: 506 | G229: =VLOOKUP(A229,fiscal!$A$1:$D$2198,4,FALSE) -> 59811.677
... A240: 421 | B240: Rumendingen | C240: 79 | D240: 32.377049 | E240: 0 | F240: 144 | G240: =VLOOKUP(A240,fiscal!$A$1:$D$2198,4,FALSE) -> X
A241: 422 | B241: Rüti bei Lyssach | C241: 167 | D241: 129.45736 | E241: 2.994012 | G241: =VLOOKUP(A241,fiscal!$A$1:$D$2198,4,FALSE) -> X
A242: 423 | B242: Willadingen | C242: 204 | D242: 94.009217 | E242: 0.98039216 | G242: =VLOOKUP(A242,fiscal!$A$1:$D$2198,4,FALSE) -> X
A243: 424 | B243: Wynigen | C243: 2093 | D243: 73.905367 | E243: 3.4878165 | F243: 719 | G243: =VLOOKUP(A243,fiscal!$A$1:$D$2198,4,FALSE) -> 61065.158
A244: 431 | B244: Corgémont | C244: 1737 | D244: 98.357871 | E244: 15.313759 | F244: 626 | G244: =VLOOKUP(A244,fiscal!$A$1:$D$2198,4,FALSE) -> 66841.816
A245: 432 | B245: Cormoret | C245: 490 | D245: 36.350148 | E245: 4.2857143 | F245: 119 | G245: =VLOOKUP(A245,fiscal!$A$1:$D$2198,4,FALSE) -> 66887.5
A246: 433 | B246: Cortébert | C246: 688 | D246: 46.612466 | E246: 14.97093 | F246: 251 | G246: =VLOOKUP(A246,fiscal!$A$1:$D$2198,4,FALSE) -> 62500
A247: 434 | B247: Courtelary | C247: 1456 | D247: 65.556056 | E247: 16.346154 | F247: 736 | G247: =VLOOKUP(A247,fiscal!$A$1:$D$2198,4,FALSE) -> 69659.058
A248: 435 | B248: La Ferrière | C248: 529 | D248: 37.385159 | E248: 6.9943289 | F248: 217 | G248: =VLOOKUP(A248,fiscal!$A$1:$D$2198,4,FALSE) -> 61193.927
A249: 437 | B249: Mont-Tramelan | C249: 109 | D249: 23.491379 | E249: 0.91743119 | F249: 56 | G249: =VLOOKUP(A249,fiscal!$A$1:$D$2198,4,FALSE) -> X
A250: 438 | B250: Orvin | C250: 1196 | D250: 55.396017 | E250: 11.789298 | F250: 476 | G250: =VLOOKUP(A250,fiscal!$A$1:$D$2198,4,FALSE) -> 64478.735
A251: 441 | B251: Renan (BE) | C251: 927 | D251: 73.396675 | E251: 10.679612 | F251: 272 | G251: =VLOOKUP(A251,fiscal!$A$1:$D$2198,4,FALSE) -> 57917.91
A252: 442 | B252: Romont (BE) | C252: 204 | D252: 29.059829 | E252: 14.705882 | F252: 41 | G252: =VLOOKUP(A252,fiscal!$A$1:$D$2198,4,FALSE) -> 63133.333
A253: 443 | B253: Saint-Imier | C253: 5140 | D253: 246.28654 | E253: 30.214008 | F253: 3683 | G253: =VLOOKUP(A253,fiscal!$A$1:$D$2198,4,FALSE) -> 60018.805
A254: 444 | B254: Sonceboz-Sombeval | C254: 1952 | D254: 130.48128 | E254: 18.237705 | F254: 1672 | G254: =VLOOKUP(A254,fiscal!$A$1:$D$2198,4,FALSE) -> 63785.106
... A303: 580 | B303: Hofstetten bei Brienz | C303: 527 | D303: 60.09122 | E303: 6.6413662 | F303: 292 | G303: =VLOOKUP(A303,fiscal!$A$1:$D$2198,4,FALSE) -> 54139.2
A304: 581 | B304: Interlaken | C304: 5634 | D304: 1319.4379 | E304: 31.43415 | G304: =VLOOKUP(A304,fiscal!$A$1:$D$2198,4,FALSE) -> 60606.116
A305: 582 | B305: Iseltwald | C305: 430 | D305: 19.625742 | E305: 10 | F305: 107 | G305: =VLOOKUP(A305,fiscal!$A$1:$D$2198,4,FALSE) -> 54280.612
...

Sheet fiscal
A1: 1 | B1: Aeugst am Albis | C1: 110.559 | D1: 115285.71
A2: 2 | B2: Affoltern am Albis | C2: 411.7798 | D2: 74896.29
A3: 3 | B3: Bonstetten | C3: 230.5618 | D3: 91023.214
A4: 4 | B4: Hausen am Albis | C4: 164.4785 | D4: 97382.179
A5: 5 | B5: Hedingen | C5: 166.5512 | D5: 94955.074
A6: 6 | B6: Kappel am Albis | C6: 54.5645 | D6: 97089.858
A7: 7 | B7: Knonau | C7: 91.2551 | D7: 86992.469
A8: 8 | B8: Maschwanden | C8: 21.6556 | D8: 72426.756
A9: 9 | B9: Mettmenstetten | C9: 220.5103 | D9: 90336.051
A10: 10 | B10: Obfelden | C10: 194.1803 | D10: 79419.346
A11: 11 | B11: Ottenbach | C11: 107.3689 | D11: 83296.276
A12: 12 | B12: Rifferswil | C12: 46.3204 | D12: 96300.208
... A177: 324 | B177: Bleienbach | C177: 19.4166 | D177: 58660.423
A178: 325 | B178: Busswil bei Melchnau | C178: X | D178: X
A179: 326 | B179: Gondiswil | C179: 16.2679 | D179: 55332.993
A180: 329 | B180: Langenthal | C180: 454.2146 | D180: 66444.5
A181: 331 | B181: Lotzwil | C181: 69.9807 | D181: 62988.929
A182: 332 | B182: Madiswil | C182: 88.5429 | D182: 60645.822
A183: 333 | B183: Melchnau | C183: 37.9866 | D183: 59633.595
A184: 334 | B184: Obersteckholz | C184: 11.6515 | D184: 60684.896
A185: 335 | B185: Oeschenbach | C185: X | D185: X
A186: 336 | B186: Reisiswil | C186: X | D186: X
A187: 337 | B187: Roggwil (BE) | C187: 107.2196 | D187: 61408.706
A188: 338 | B188: Rohrbach | C188: 36.4339 | D188: 53816.691
A189: 339 | B189: Rohrbachgraben | C189: X | D189: X
A190: 340 | B190: Rütschelen | C190: 13.0628 | D190: 58316.071
A191: 341 | B191: Schwarzhäusern | C191: 16.2226 | D191: 69925
A192: 342 | B192: Thunstetten | C192: 96.4356 | D192: 64721.879
A193: 344 | B193: Ursenbach | C193: 20.9775 | D193: 56089.572
A194: 345 | B194: Wynau | C194: 41.573 | D194: 61864.583
A195: 351 | B195: Bern | C195: 4902.4168 | D195: 72779.347
A196: 352 | B196: Bolligen | C196: 265.8618 | D196: 91708.106
A197: 353 | B197: Bremgarten bei Bern | C197: 190.5093 | D197: 93616.364
A198: 354 | B198: Kirchlindach | C198: 142.8866 | D198: 89584.075
A199: 355 | B199: Köniz | C199: 1473.5628 | D199: 75609.975
A200: 356 | B200: Muri bei Bern | C200: 652.6368 | D200: 107465.31
A201: 357 | B201: Oberbalm | C201: 24.2867 | D201: 63744.619
... A216: 388 | B216: Leuzigen | C216: 35.106 | D216: 63368.231
A217: 389 | B217: Meienried | C217: X | D217: X
A218: 390 | B218: Meinisberg | C218: 38.2566 | D218: 67830.851
A219: 391 | B219: Oberwil bei Büren | C219: 24.7389 | D219: 63433.077
A220: 392 | B220: Pieterlen | C220: 114.9129 | D220: 62656.979
A221: 393 | B221: Rüti bei Büren | C221: 23.9814 | D221: 59655.224
A222: 394 | B222: Wengi | C222: 19.9982 | D222: 66660.667
A223: 401 | B223: Aefligen | C223: 32.5638 | D223: 61325.424
A224: 402 | B224: Alchenstorf | C224: 18.3876 | D224: 64292.308
A225: 403 | B225: Bäriswil | C225: 36.1025 | D225: 74901.452
A226: 404 | B226: Burgdorf | C226: 487.7589 | D226: 64475.73
A227: 405 | B227: Ersigen | C227: 61.8409 | D227: 66999.892
A228: 406 | B228: Hasle bei Burgdorf | C228: 82.9526 | D228: 59421.633
A229: 407 | B229: Heimiswil | C229: 39.9542 | D229: 59811.677
A230: 408 | B230: Hellsau | C230: X | D230: X
A231: 409 | B231: Hindelbank | C231: 79.8313 | D231: 67941.532
A232: 410 | B232: Höchstetten | C232: 7.8237 | D232: 60648.837
A233: 411 | B233: Kernenried | C233: 16.5466 | D233: 65144.094
A234: 412 | B234: Kirchberg (BE) | C234: 197.4248 | D234: 71504.817
A235: 413 | B235: Koppigen | C235: 65.2121 | D235: 66884.205
A236: 414 | B236: Krauchthal | C236: 75.5059 | D236: 67597.046
A237: 415 | B237: Lyssach | C237: 43.3849 | D237: 64178.846
A238: 416 | B238: Mötschwil | C238: X | D238: X
A239: 418 | B239: Oberburg | C239: 72.1235 | D239: 59953.034
A240: 420 | B240: Rüdtligen-Alchenflüh | C240: 65.9878 | D240: 59075.918
A241: 421 | B241: Rumendingen | C241: X | D241: X
A242: 422 | B242: Rüti bei Lyssach | C242: X | D242: X
A243: 423 | B243: Willadingen | C243: X | D243: X
A244: 424 | B244: Wynigen | C244: 53.9816 | D244: 61065.158
A245: 431 | B245: Corgémont | C245: 48.594 | D245: 66841.816
A246: 432 | B246: Cormoret | C246: 13.3775 | D246: 66887.5
A247: 433 | B247: Cortébert | C247: 17.9375 | D247: 62500
A248: 434 | B248: Courtelary | C248: 38.4518 | D248: 69659.058
A249: 435 | B249: La Ferrière | C249: 15.1149 | D249: 61193.927
A250: 437 | B250: Mont-Tramelan | C250: X | D250: X
A251: 438 | B251: Orvin | C251: 36.6884 | D251: 64478.735
A252: 441 | B252: Renan (BE) | C252: 23.283 | D252: 57917.91
A253: 442 | B253: Romont (BE) | C253: 6.629 | D253: 63133.333
A254: 443 | B254: Saint-Imier | C254: 128.6203 | D254: 60018.805
A255: 444 | B255: Sonceboz-Sombeval | C255: 50.9643 | D255: 63785.106
A256: 445 | B256: Sonvilier | C256: 28.1201 | D256: 57154.675
A257: 446 | B257: Tramelan | C257: 123.3595 | D257: 62271.328
A258: 448 | B258: Villeret | C258: 26.2712 | D258: 67189.77
A259: 449 | B259: Sauge | C259: 23.6532 | D259: 64450.136
A260: 450 | B260: Péry-La Heutte | C260: 52.9819 | D260: 61894.743
A261: 491 | B261: Brüttelen | C261: 16.6126 | D261: 64389.922
A262: 492 | B262: Erlach | C262: 46.6374 | D262: 74739.423
... A273: 533 | B273: Bätterkinden | C273: 101.881 | D273: 68931.664
A274: 535 | B274: Deisswil bei Münchenbuchsee | C274: X | D274: X
A275: 536 | B275: Diemerswil | C275: X | D275: X
A276: 538 | B276: Fraubrunnen | C276: 170.1975 | D276: 73077.501
A277: 540 | B277: Jegenstorf | C277: 204.4358 | D277: 77437.803
A278: 541 | B278: Iffwil | C278: 14.6826 | D278: 82025.698
A279: 543 | B279: Mattstetten | C279: 19.9849 | D279: 77762.257
A280: 544 | B280: Moosseedorf | C280: 127.6798 | D280: 70972.651
A281: 546 | B281: Münchenbuchsee | C281: 319.541 | D281: 70013.365
A282: 551 | B282: Urtenen-Schönbühl | C282: 185.9645 | D282: 65968.251
A283: 552 | B283: Utzenstorf | C283: 134.3878 | D283: 66429.956
A284: 553 | B284: Wiggiswil | C284: X | D284: X
A285: 554 | B285: Wiler bei Utzenstorf | C285: 27.9742 | D285: 62027.051
A286: 556 | B286: Zielebach | C286: 9.6087 | D286: 65365.306
A287: 557 | B287: Zuzwil (BE) | C287: 20.4464 | D287: 78640
A288: 561 | B288: Adelboden | C288: 75.8149 | D288: 55951.956
...
